year,round,driver_id,constructor_id,quali_position,q1,q2,q3
2023,1,max_verstappen,red_bull,1,1:31.295,1:30.503,1:29.708
2023,1,perez,red_bull,2,1:31.479,1:30.746,1:29.846
2023,1,leclerc,ferrari,3,1:31.094,1:30.282,1:30.000
2023,1,sainz,ferrari,4,1:30.993,1:30.515,1:30.154
2023,1,alonso,aston_martin,5,1:31.158,1:30.645,1:30.336
2023,1,russell,mercedes,6,1:31.057,1:30.507,1:30.340
2023,1,hamilton,mercedes,7,1:31.543,1:30.513,1:30.384
2023,1,stroll,aston_martin,8,1:31.184,1:31.127,1:30.836
2023,1,ocon,alpine,9,1:31.508,1:30.914,1:30.984
2023,1,hulkenberg,haas,10,1:31.204,1:30.809,
2023,1,norris,mclaren,11,1:31.652,1:31.381,
2023,1,bottas,alfa,12,1:31.504,1:31.443,
2023,1,zhou,alfa,13,1:31.615,1:31.473,
2023,1,tsunoda,alphatauri,14,1:31.400,1:32.510,
2023,1,albon,williams,15,1:31.461,,
2023,1,sargeant,williams,16,1:31.652,,
2023,1,kevin_magnussen,haas,17,1:31.892,,
2023,1,piastri,mclaren,18,1:32.101,,
2023,1,de_vries,alphatauri,19,1:32.121,,
2023,1,gasly,alpine,20,1:32.181,,
2023,2,perez,red_bull,1,1:29.244,1:28.635,1:28.265
2023,2,leclerc,ferrari,2,1:29.376,1:28.903,1:28.420
2023,2,alonso,aston_martin,3,1:29.298,1:28.757,1:28.730
2023,2,russell,mercedes,4,1:29.592,1:29.132,1:28.857
2023,2,sainz,ferrari,5,1:29.411,1:28.957,1:28.931
2023,2,stroll,aston_martin,6,1:29.335,1:28.962,1:28.945
2023,2,ocon,alpine,7,1:29.707,1:29.255,1:29.078
2023,2,hamilton,mercedes,8,1:29.689,1:29.374,1:29.223
2023,2,piastri,mclaren,9,1:29.706,1:29.378,1:29.243
2023,2,gasly,alpine,10,1:29.890,1:29.411,1:29.357
2023,2,hulkenberg,haas,11,1:29.547,1:29.451,
2023,2,zhou,alfa,12,1:29.654,1:29.461,
2023,2,kevin_magnussen,haas,13,1:29.744,1:29.634,
2023,2,bottas,alfa,14,1:29.929,1:29.668,
2023,2,max_verstappen,red_bull,15,1:28.761,1:49.953,
2023,2,tsunoda,alphatauri,16,1:29.939,,
2023,2,albon,williams,17,1:29.994,,
2023,2,de_vries,alphatauri,18,1:30.244,,
2023,2,norris,mclaren,19,1:30.447,,
2023,2,sargeant,williams,20,2:08.510,,
2023,3,max_verstappen,red_bull,1,1:17.384,1:17.056,1:16.732
2023,3,russell,mercedes,2,1:17.654,1:17.513,1:16.968
2023,3,hamilton,mercedes,3,1:17.689,1:17.551,1:17.104
2023,3,alonso,aston_martin,4,1:17.832,1:17.283,1:17.139
2023,3,sainz,ferrari,5,1:17.928,1:17.349,1:17.270
2023,3,stroll,aston_martin,6,1:17.873,1:17.616,1:17.308
2023,3,leclerc,ferrari,7,1:18.218,1:17.390,1:17.369
2023,3,albon,williams,8,1:17.962,1:17.761,1:17.609
2023,3,gasly,alpine,9,1:18.312,1:17.574,1:17.675
2023,3,hulkenberg,haas,10,1:18.029,1:17.412,1:17.735
2023,3,ocon,alpine,11,1:17.770,1:17.768,
2023,3,tsunoda,alphatauri,12,1:18.471,1:18.099,
2023,3,norris,mclaren,13,1:18.243,1:18.119,
2023,3,kevin_magnussen,haas,14,1:18.159,1:18.129,
2023,3,de_vries,alphatauri,15,1:18.450,1:18.335,
2023,3,piastri,mclaren,16,1:18.517,,
2023,3,zhou,alfa,17,1:18.540,,
2023,3,sargeant,williams,18,1:18.557,,
2023,3,bottas,alfa,19,1:18.714,,
2023,3,perez,red_bull,20,,,
2023,4,leclerc,ferrari,1,1:41.269,1:41.037,1:40.203
2023,4,max_verstappen,red_bull,2,1:41.398,1:40.822,1:40.391
2023,4,perez,red_bull,3,1:41.756,1:41.131,1:40.495
2023,4,sainz,ferrari,4,1:42.197,1:41.369,1:41.016
2023,4,hamilton,mercedes,5,1:42.113,1:41.650,1:41.177
2023,4,alonso,aston_martin,6,1:41.720,1:41.370,1:41.253
2023,4,norris,mclaren,7,1:42.154,1:41.485,1:41.281
2023,4,tsunoda,alphatauri,8,1:42.234,1:41.569,1:41.581
2023,4,stroll,aston_martin,9,1:42.524,1:41.576,1:41.611
2023,4,piastri,mclaren,10,1:42.455,1:41.636,1:41.611
2023,4,russell,mercedes,11,1:42.073,1:41.654,
2023,4,ocon,alpine,12,1:42.622,1:41.798,
2023,4,albon,williams,13,1:42.171,1:41.818,
2023,4,bottas,alfa,14,1:42.582,1:42.259,
2023,4,sargeant,williams,15,1:42.242,1:42.395,
2023,4,zhou,alfa,16,1:42.642,,
2023,4,hulkenberg,haas,17,1:42.755,,
2023,4,kevin_magnussen,haas,18,1:43.417,,
2023,4,gasly,alpine,19,1:44.853,,
2023,4,de_vries,alphatauri,20,1:55.282,,
2023,5,perez,red_bull,1,1:27.713,1:27.328,1:26.841
2023,5,alonso,aston_martin,2,1:28.179,1:27.097,1:27.202
2023,5,sainz,ferrari,3,1:27.686,1:27.148,1:27.349
2023,5,kevin_magnussen,haas,4,1:27.809,1:27.673,1:27.767
2023,5,gasly,alpine,5,1:28.061,1:27.612,1:27.786
2023,5,russell,mercedes,6,1:28.086,1:27.743,1:27.804
2023,5,leclerc,ferrari,7,1:27.713,1:26.964,1:27.861
2023,5,ocon,alpine,8,1:27.872,1:27.444,1:27.935
2023,5,max_verstappen,red_bull,9,1:27.363,1:26.814,
2023,5,bottas,alfa,10,1:27.864,1:27.564,
2023,5,albon,williams,11,1:28.234,1:27.795,
2023,5,hulkenberg,haas,12,1:27.945,1:27.903,
2023,5,hamilton,mercedes,13,1:27.846,1:27.975,
2023,5,zhou,alfa,14,1:28.180,1:28.091,
2023,5,de_vries,alphatauri,15,1:28.325,1:28.395,
2023,5,norris,mclaren,16,1:28.394,,
2023,5,tsunoda,alphatauri,17,1:28.429,,
2023,5,stroll,aston_martin,18,1:28.476,,
2023,5,piastri,mclaren,19,1:28.484,,
2023,5,sargeant,williams,20,1:28.577,,
2023,6,max_verstappen,red_bull,1,1:12.386,1:11.908,1:11.365
2023,6,alonso,aston_martin,2,1:12.886,1:12.107,1:11.449
2023,6,leclerc,ferrari,3,1:12.912,1:12.103,1:11.471
2023,6,ocon,alpine,4,1:12.967,1:12.248,1:11.553
2023,6,sainz,ferrari,5,1:12.717,1:12.210,1:11.630
2023,6,hamilton,mercedes,6,1:12.872,1:12.156,1:11.725
2023,6,gasly,alpine,7,1:13.033,1:12.169,1:11.933
2023,6,russell,mercedes,8,1:12.769,1:12.151,1:11.964
2023,6,tsunoda,alphatauri,9,1:12.642,1:12.249,1:12.082
2023,6,norris,mclaren,10,1:12.877,1:12.377,1:12.254
2023,6,piastri,mclaren,11,1:13.006,1:12.395,
2023,6,de_vries,alphatauri,12,1:13.054,1:12.428,
2023,6,albon,williams,13,1:12.706,1:12.527,
2023,6,stroll,aston_martin,14,1:12.722,1:12.623,
2023,6,bottas,alfa,15,1:13.038,1:12.625,
2023,6,sargeant,williams,16,1:13.113,,
2023,6,kevin_magnussen,haas,17,1:13.270,,
2023,6,hulkenberg,haas,18,1:13.279,,
2023,6,zhou,alfa,19,1:13.523,,
2023,6,perez,red_bull,20,1:13.850,,
2023,7,max_verstappen,red_bull,1,1:13.615,1:12.760,1:12.272
2023,7,sainz,ferrari,2,1:13.411,1:12.790,1:12.734
2023,7,norris,mclaren,3,1:13.295,1:12.776,1:12.792
2023,7,gasly,alpine,4,1:13.471,1:13.186,1:12.816
2023,7,hamilton,mercedes,5,1:12.937,1:12.999,1:12.818
2023,7,stroll,aston_martin,6,1:13.766,1:13.082,1:12.994
2023,7,ocon,alpine,7,1:13.433,1:13.001,1:13.083
2023,7,hulkenberg,haas,8,1:13.420,1:13.283,1:13.229
2023,7,alonso,aston_martin,9,1:13.747,1:13.098,1:13.507
2023,7,piastri,mclaren,10,1:13.691,1:13.059,1:13.682
2023,7,perez,red_bull,11,1:13.874,1:13.334,
2023,7,russell,mercedes,12,1:13.326,1:13.447,
2023,7,zhou,alfa,13,1:13.677,1:13.521,
2023,7,de_vries,alphatauri,14,1:13.581,1:14.083,
2023,7,tsunoda,alphatauri,15,1:13.862,1:14.477,
2023,7,bottas,alfa,16,1:13.977,,
2023,7,kevin_magnussen,haas,17,1:14.042,,
2023,7,albon,williams,18,1:14.063,,
2023,7,leclerc,ferrari,19,1:14.079,,
2023,7,sargeant,williams,20,1:14.699,,
2023,8,max_verstappen,red_bull,1,1:20.851,1:19.092,1:25.858
2023,8,hulkenberg,haas,2,1:22.730,1:20.305,1:27.102
2023,8,alonso,aston_martin,3,1:21.481,1:19.776,1:27.286
2023,8,hamilton,mercedes,4,1:21.554,1:20.426,1:27.627
2023,8,russell,mercedes,5,1:21.798,1:20.098,1:27.893
2023,8,ocon,alpine,6,1:22.114,1:20.406,1:27.945
2023,8,norris,mclaren,7,1:21.998,1:19.347,1:28.046
2023,8,sainz,ferrari,8,1:22.248,1:19.856,1:29.294
2023,8,piastri,mclaren,9,1:22.190,1:19.659,1:31.349
2023,8,albon,williams,10,1:21.938,1:18.725,
2023,8,leclerc,ferrari,11,1:21.843,1:20.615,
2023,8,perez,red_bull,12,1:22.151,1:20.959,
2023,8,stroll,aston_martin,13,1:22.677,1:21.484,
2023,8,kevin_magnussen,haas,14,1:22.351,1:21.678,
2023,8,bottas,alfa,15,1:22.332,1:21.821,
2023,8,tsunoda,alphatauri,16,1:22.746,,
2023,8,gasly,alpine,17,1:22.886,,
2023,8,de_vries,alphatauri,18,1:23.137,,
2023,8,sargeant,williams,19,1:23.337,,
2023,8,zhou,alfa,20,1:23.342,,
2023,9,max_verstappen,red_bull,1,1:05.116,1:04.951,1:04.391
2023,9,leclerc,ferrari,2,1:05.577,1:05.087,1:04.439
2023,9,sainz,ferrari,3,1:05.339,1:04.975,1:04.581
2023,9,norris,mclaren,4,1:05.617,1:05.038,1:04.658
2023,9,hamilton,mercedes,5,1:05.673,1:05.188,1:04.819
2023,9,stroll,aston_martin,6,1:05.710,1:05.121,1:04.893
2023,9,alonso,aston_martin,7,1:05.655,1:05.181,1:04.911
2023,9,hulkenberg,haas,8,1:05.740,1:05.362,1:05.090
2023,9,gasly,alpine,9,1:05.515,1:05.308,1:05.170
2023,9,albon,williams,10,1:05.673,1:05.387,1:05.823
2023,9,russell,mercedes,11,1:05.686,1:05.428,
2023,9,ocon,alpine,12,1:05.729,1:05.453,
2023,9,piastri,mclaren,13,1:05.683,1:05.605,
2023,9,bottas,alfa,14,1:05.763,1:05.680,
2023,9,perez,red_bull,15,1:05.177,2:06.688,
2023,9,tsunoda,alphatauri,16,1:05.784,,
2023,9,zhou,alfa,17,1:05.818,,
2023,9,sargeant,williams,18,1:05.948,,
2023,9,kevin_magnussen,haas,19,1:05.971,,
2023,9,de_vries,alphatauri,20,1:05.974,,
2023,10,max_verstappen,red_bull,1,1:29.428,1:27.702,1:26.720
2023,10,norris,mclaren,2,1:28.917,1:28.042,1:26.961
2023,10,piastri,mclaren,3,1:29.874,1:27.845,1:27.092
2023,10,leclerc,ferrari,4,1:29.143,1:28.361,1:27.136
2023,10,sainz,ferrari,5,1:29.865,1:28.265,1:27.148
2023,10,russell,mercedes,6,1:29.412,1:28.782,1:27.155
2023,10,hamilton,mercedes,7,1:29.415,1:28.545,1:27.211
2023,10,albon,williams,8,1:29.466,1:28.067,1:27.530
2023,10,alonso,aston_martin,9,1:29.949,1:28.368,1:27.659
2023,10,gasly,alpine,10,1:29.533,1:28.751,1:27.689
2023,10,hulkenberg,haas,11,1:29.603,1:28.896,
2023,10,stroll,aston_martin,12,1:29.448,1:28.935,
2023,10,ocon,alpine,13,1:29.700,1:28.956,
2023,10,sargeant,williams,14,1:29.873,1:29.031,
2023,10,perez,red_bull,15,1:29.968,,
2023,10,bottas,alfa,15,1:29.798,,
2023,10,tsunoda,alphatauri,16,1:30.025,,
2023,10,zhou,alfa,17,1:30.123,,
2023,10,de_vries,alphatauri,18,1:30.513,,
2023,10,kevin_magnussen,haas,19,1:32.378,,
2023,11,hamilton,mercedes,1,1:18.577,1:17.427,1:16.609
2023,11,max_verstappen,red_bull,2,1:18.318,1:17.547,1:16.612
2023,11,norris,mclaren,3,1:18.697,1:17.328,1:16.694
2023,11,piastri,mclaren,4,1:18.464,1:17.571,1:16.905
2023,11,zhou,alfa,5,1:18.143,1:17.700,1:16.971
2023,11,leclerc,ferrari,6,1:18.440,1:17.580,1:16.992
2023,11,bottas,alfa,7,1:18.775,1:17.563,1:17.034
2023,11,alonso,aston_martin,8,1:18.580,1:17.701,1:17.035
2023,11,perez,red_bull,9,1:18.360,1:17.675,1:17.045
2023,11,hulkenberg,haas,10,1:18.695,1:17.652,1:17.186
2023,11,sainz,ferrari,11,1:18.393,1:17.703,
2023,11,ocon,alpine,12,1:18.854,1:17.841,
2023,11,ricciardo,alphatauri,13,1:18.906,1:18.002,
2023,11,stroll,aston_martin,14,1:18.782,1:18.144,
2023,11,gasly,alpine,15,1:18.743,1:18.217,
2023,11,albon,williams,16,1:18.917,,
2023,11,tsunoda,alphatauri,17,1:18.919,,
2023,11,russell,mercedes,18,1:19.027,,
2023,11,kevin_magnussen,haas,19,1:19.206,,
2023,11,sargeant,williams,20,1:19.248,,
2023,12,max_verstappen,red_bull,1,1:58.515,1:52.784,1:46.168
2023,12,leclerc,ferrari,2,1:58.300,1:52.017,1:46.988
2023,12,perez,red_bull,3,1:58.899,1:52.353,1:47.045
2023,12,hamilton,mercedes,4,1:58.563,1:52.345,1:47.087
2023,12,sainz,ferrari,5,1:58.688,1:51.711,1:47.152
2023,12,piastri,mclaren,6,1:58.872,1:51.534,1:47.365
2023,12,norris,mclaren,7,1:59.981,1:52.252,1:47.669
2023,12,russell,mercedes,8,1:59.035,1:52.605,1:47.805
2023,12,alonso,aston_martin,9,1:58.834,1:52.751,1:47.843
2023,12,stroll,aston_martin,10,1:59.663,1:52.193,1:48.841
2023,12,tsunoda,alphatauri,11,1:59.044,1:53.148,
2023,12,gasly,alpine,12,1:59.511,1:53.671,
2023,12,kevin_magnussen,haas,13,2:00.020,1:54.160,
2023,12,bottas,alfa,14,1:59.484,1:54.694,
2023,12,ocon,alpine,15,1:59.634,1:56.372,
2023,12,albon,williams,16,2:00.314,,
2023,12,zhou,alfa,17,2:00.832,,
2023,12,sargeant,williams,18,2:01.535,,
2023,12,ricciardo,alphatauri,19,2:02.159,,
2023,12,hulkenberg,haas,20,2:03.166,,
2023,13,max_verstappen,red_bull,1,1:20.965,1:18.856,1:10.567
2023,13,norris,mclaren,2,1:21.276,1:19.769,1:11.104
2023,13,russell,mercedes,3,1:21.345,1:19.620,1:11.294
2023,13,albon,williams,4,1:20.939,1:19.399,1:11.419
2023,13,alonso,aston_martin,5,1:21.840,1:19.429,1:11.506
2023,13,sainz,ferrari,6,1:21.321,1:19.929,1:11.754
2023,13,perez,red_bull,7,1:21.972,1:19.856,1:11.880
2023,13,piastri,mclaren,8,1:21.231,1:19.392,1:11.938
2023,13,leclerc,ferrari,9,1:22.019,1:19.600,1:12.665
2023,13,sargeant,williams,10,1:22.036,1:20.067,1:16.748
2023,13,stroll,aston_martin,11,1:21.570,1:20.121,
2023,13,gasly,alpine,12,1:21.735,1:20.128,
2023,13,hamilton,mercedes,13,1:21.919,1:20.151,
2023,13,tsunoda,alphatauri,14,1:21.781,1:20.230,
2023,13,hulkenberg,haas,15,1:21.891,1:20.250,
2023,13,zhou,alfa,16,1:22.067,,
2023,13,ocon,alpine,17,1:22.110,,
2023,13,kevin_magnussen,haas,18,1:22.192,,
2023,13,bottas,alfa,19,1:22.260,,
2023,13,lawson,alphatauri,20,1:23.420,,
2023,14,sainz,ferrari,1,1:21.965,1:20.991,1:20.294
2023,14,max_verstappen,red_bull,2,1:21.573,1:20.937,1:20.307
2023,14,leclerc,ferrari,3,1:21.788,1:20.977,1:20.361
2023,14,russell,mercedes,4,1:22.148,1:21.382,1:20.671
2023,14,perez,red_bull,5,1:21.911,1:21.240,1:20.688
2023,14,albon,williams,6,1:21.661,1:21.272,1:20.760
2023,14,piastri,mclaren,7,1:22.106,1:21.527,1:20.785
2023,14,hamilton,mercedes,8,1:21.977,1:21.369,1:20.820
2023,14,norris,mclaren,9,1:21.995,1:21.581,1:20.979
2023,14,alonso,aston_martin,10,1:22.043,1:21.543,1:21.417
2023,14,tsunoda,alphatauri,11,1:21.852,1:21.594,
2023,14,lawson,alphatauri,12,1:22.112,1:21.758,
2023,14,hulkenberg,haas,13,1:22.343,1:21.776,
2023,14,bottas,alfa,14,1:22.249,1:21.940,
2023,14,sargeant,williams,15,1:21.930,1:21.944,
2023,14,zhou,alfa,16,1:22.390,,
2023,14,gasly,alpine,17,1:22.545,,
2023,14,ocon,alpine,18,1:22.548,,
2023,14,kevin_magnussen,haas,19,1:22.592,,
2023,14,stroll,aston_martin,20,1:22.860,,
2023,15,sainz,ferrari,1,1:32.339,1:31.439,1:30.984
2023,15,russell,mercedes,2,1:32.331,1:31.743,1:31.056
2023,15,leclerc,ferrari,3,1:32.406,1:32.012,1:31.063
2023,15,norris,mclaren,4,1:32.483,1:31.951,1:31.270
2023,15,hamilton,mercedes,5,1:32.651,1:32.019,1:31.485
2023,15,kevin_magnussen,haas,6,1:32.242,1:31.892,1:31.575
2023,15,alonso,aston_martin,7,1:32.584,1:31.835,1:31.615
2023,15,ocon,alpine,8,1:32.369,1:32.089,1:31.673
2023,15,hulkenberg,haas,9,1:32.100,1:31.994,1:31.808
2023,15,lawson,alphatauri,10,1:32.215,1:32.166,1:32.268
2023,15,max_verstappen,red_bull,11,1:32.398,1:32.173,
2023,15,gasly,alpine,12,1:32.452,1:32.274,
2023,15,perez,red_bull,13,1:32.099,1:32.310,
2023,15,albon,williams,14,1:32.668,1:33.719,
2023,15,tsunoda,alphatauri,15,1:31.991,,
2023,15,bottas,alfa,16,1:32.809,,
2023,15,piastri,mclaren,17,1:32.902,,
2023,15,sargeant,williams,18,1:33.252,,
2023,15,zhou,alfa,19,1:33.258,,
2023,15,stroll,aston_martin,20,1:33.397,,
2023,16,max_verstappen,red_bull,1,1:29.878,1:29.964,1:28.877
2023,16,piastri,mclaren,2,1:30.439,1:30.122,1:29.458
2023,16,norris,mclaren,3,1:30.063,1:30.296,1:29.493
2023,16,leclerc,ferrari,4,1:30.393,1:29.940,1:29.542
2023,16,perez,red_bull,5,1:30.652,1:29.965,1:29.650
2023,16,sainz,ferrari,6,1:30.651,1:30.067,1:29.850
2023,16,hamilton,mercedes,7,1:30.811,1:30.040,1:29.908
2023,16,russell,mercedes,8,1:30.811,1:30.268,1:30.219
2023,16,tsunoda,alphatauri,9,1:30.733,1:30.204,1:30.303
2023,16,alonso,aston_martin,10,1:30.971,1:30.465,1:30.560
2023,16,lawson,alphatauri,11,1:30.425,1:30.508,
2023,16,gasly,alpine,12,1:30.843,1:30.509,
2023,16,albon,williams,13,1:30.941,1:30.537,
2023,16,ocon,alpine,14,1:30.960,1:30.586,
2023,16,kevin_magnussen,haas,15,1:30.976,1:30.665,
2023,16,bottas,alfa,16,1:31.049,,
2023,16,stroll,aston_martin,17,1:31.181,,
2023,16,hulkenberg,haas,18,1:31.299,,
2023,16,zhou,alfa,19,1:31.398,,
2023,16,sargeant,williams,20,,,
2023,17,max_verstappen,red_bull,1,1:25.007,1:24.483,1:23.778
2023,17,russell,mercedes,2,1:25.334,1:24.827,1:24.219
2023,17,hamilton,mercedes,3,1:26.076,1:24.381,1:24.305
2023,17,alonso,aston_martin,4,1:25.223,1:25.241,1:24.369
2023,17,leclerc,ferrari,5,1:25.452,1:25.079,1:24.424
2023,17,piastri,mclaren,6,1:25.266,1:24.724,1:24.540
2023,17,gasly,alpine,7,1:25.566,1:24.918,1:24.553
2023,17,ocon,alpine,8,1:25.711,1:24.928,1:24.763
2023,17,bottas,alfa,9,1:26.038,1:25.297,1:25.058
2023,17,norris,mclaren,10,1:25.131,1:24.685,
2023,17,tsunoda,alphatauri,11,1:26.058,1:25.301,
2023,17,sainz,ferrari,12,1:25.808,1:25.328,
2023,17,perez,red_bull,13,1:25.991,1:25.462,
2023,17,albon,williams,14,1:26.118,1:25.707,
2023,17,hulkenberg,haas,15,1:25.904,1:25.783,
2023,17,sargeant,williams,16,1:26.210,,
2023,17,stroll,aston_martin,17,1:26.345,,
2023,17,lawson,alphatauri,18,1:26.635,,
2023,17,kevin_magnussen,haas,19,1:27.046,,
2023,17,zhou,alfa,20,1:27.432,,
2023,18,leclerc,ferrari,1,1:36.061,1:35.004,1:34.723
2023,18,norris,mclaren,2,1:35.110,1:35.441,1:34.853
2023,18,hamilton,mercedes,3,1:35.091,1:35.240,1:34.862
2023,18,sainz,ferrari,4,1:35.824,1:35.302,1:34.945
2023,18,russell,mercedes,5,1:36.165,1:35.606,1:35.079
2023,18,max_verstappen,red_bull,6,1:35.346,1:35.008,1:35.081
2023,18,gasly,alpine,7,1:36.158,1:35.496,1:35.089
2023,18,ocon,alpine,8,1:36.131,1:35.413,1:35.154
2023,18,perez,red_bull,9,1:35.989,1:35.679,1:35.173
2023,18,piastri,mclaren,10,1:36.064,1:35.576,1:35.467
2023,18,tsunoda,alphatauri,11,1:35.913,1:35.697,
2023,18,zhou,alfa,12,1:36.052,1:35.698,
2023,18,bottas,alfa,13,1:36.082,1:35.858,
2023,18,kevin_magnussen,haas,14,1:36.009,1:35.880,
2023,18,ricciardo,alphatauri,15,1:36.213,1:35.974,
2023,18,hulkenberg,haas,16,1:36.235,,
2023,18,alonso,aston_martin,17,1:36.268,,
2023,18,albon,williams,18,1:36.315,,
2023,18,stroll,aston_martin,19,1:36.589,,
2023,18,sargeant,williams,20,1:36.827,,
2023,19,leclerc,ferrari,1,1:18.401,1:17.901,1:17.166
2023,19,sainz,ferrari,2,1:18.755,1:18.382,1:17.233
2023,19,max_verstappen,red_bull,3,1:18.099,1:17.625,1:17.263
2023,19,ricciardo,alphatauri,4,1:18.341,1:17.706,1:17.382
2023,19,perez,red_bull,5,1:18.553,1:18.124,1:17.423
2023,19,hamilton,mercedes,6,1:18.677,1:17.571,1:17.454
2023,19,piastri,mclaren,7,1:18.241,1:17.874,1:17.623
2023,19,russell,mercedes,8,1:18.893,1:17.673,1:17.674
2023,19,bottas,alfa,9,1:18.429,1:18.016,1:18.032
2023,19,zhou,alfa,10,1:19.016,1:18.440,1:18.050
2023,19,gasly,alpine,11,1:18.945,1:18.521,
2023,19,hulkenberg,haas,12,1:18.969,1:18.524,
2023,19,alonso,aston_martin,13,1:18.848,1:18.738,
2023,19,albon,williams,14,1:18.828,1:19.147,
2023,19,tsunoda,alphatauri,15,1:18.890,,
2023,19,ocon,alpine,16,1:19.080,,
2023,19,kevin_magnussen,haas,17,1:19.163,,
2023,19,stroll,aston_martin,18,1:19.227,,
2023,19,norris,mclaren,19,1:21.554,,
2023,19,sargeant,williams,20,,,
2023,20,max_verstappen,red_bull,1,1:10.436,1:10.162,1:10.727
2023,20,leclerc,ferrari,2,1:10.472,1:10.303,1:11.021
2023,20,stroll,aston_martin,3,1:10.551,1:10.375,1:11.344
2023,20,alonso,aston_martin,4,1:10.557,1:10.237,1:11.387
2023,20,hamilton,mercedes,5,1:10.604,1:10.266,1:11.469
2023,20,russell,mercedes,6,1:10.340,1:10.316,1:11.590
2023,20,norris,mclaren,7,1:10.623,1:10.021,1:11.987
2023,20,sainz,ferrari,8,1:10.624,1:10.254,1:11.989
2023,20,perez,red_bull,9,1:10.668,1:10.219,1:12.321
2023,20,piastri,mclaren,10,1:10.519,1:10.330,
2023,20,hulkenberg,haas,11,1:10.475,1:10.547,
2023,20,ocon,alpine,12,1:10.763,1:10.562,
2023,20,gasly,alpine,13,1:10.793,1:10.567,
2023,20,kevin_magnussen,haas,14,1:10.602,1:10.723,
2023,20,albon,williams,15,1:10.621,1:10.840,
2023,20,tsunoda,alphatauri,16,1:10.837,,
2023,20,ricciardo,alphatauri,17,1:10.843,,
2023,20,bottas,alfa,18,1:10.955,,
2023,20,sargeant,williams,19,1:11.035,,
2023,20,zhou,alfa,20,1:11.275,,
2023,21,leclerc,ferrari,1,1:33.617,1:32.775,1:32.726
2023,21,sainz,ferrari,2,1:33.851,1:33.338,1:32.770
2023,21,max_verstappen,red_bull,3,1:34.190,1:33.572,1:33.104
2023,21,russell,mercedes,4,1:34.137,1:33.351,1:33.112
2023,21,gasly,alpine,5,1:34.272,1:33.494,1:33.239
2023,21,albon,williams,6,1:34.634,1:33.588,1:33.323
2023,21,sargeant,williams,7,1:34.525,1:33.733,1:33.513
2023,21,bottas,alfa,8,1:34.305,1:33.809,1:33.525
2023,21,kevin_magnussen,haas,9,1:34.337,1:33.664,1:33.537
2023,21,alonso,aston_martin,10,1:34.422,1:33.617,1:33.555
2023,21,hamilton,mercedes,11,1:34.307,1:33.837,
2023,21,perez,red_bull,12,1:34.574,1:33.855,
2023,21,hulkenberg,haas,13,1:34.265,1:33.979,
2023,21,stroll,aston_martin,14,1:34.504,1:34.199,
2023,21,ricciardo,alphatauri,15,1:34.683,1:34.308,
2023,21,norris,mclaren,16,1:34.703,,
2023,21,ocon,alpine,17,1:34.834,,
2023,21,zhou,alfa,18,1:34.849,,
2023,21,piastri,mclaren,19,1:34.850,,
2023,21,tsunoda,alphatauri,20,1:36.447,,
2023,22,max_verstappen,red_bull,1,1:24.160,1:23.740,1:23.445
2023,22,leclerc,ferrari,2,1:24.459,1:23.969,1:23.584
2023,22,piastri,mclaren,3,1:24.487,1:24.278,1:23.782
2023,22,russell,mercedes,4,1:24.337,1:24.013,1:23.788
2023,22,norris,mclaren,5,1:24.368,1:23.920,1:23.816
2023,22,tsunoda,alphatauri,6,1:24.286,1:24.207,1:23.968
2023,22,alonso,aston_martin,7,1:24.501,1:24.131,1:24.084
2023,22,hulkenberg,haas,8,1:24.425,1:24.213,1:24.108
2023,22,perez,red_bull,9,1:24.209,1:24.116,1:24.171
2023,22,gasly,alpine,10,1:24.600,1:24.078,1:24.548
2023,22,hamilton,mercedes,11,1:24.437,1:24.359,
2023,22,ocon,alpine,12,1:24.565,1:24.391,
2023,22,stroll,aston_martin,13,1:24.405,1:24.422,
2023,22,albon,williams,14,1:24.298,1:24.439,
2023,22,ricciardo,alphatauri,15,1:24.461,1:24.442,
2023,22,sainz,ferrari,16,1:24.738,,
2023,22,kevin_magnussen,haas,17,1:24.764,,
2023,22,bottas,alfa,18,1:24.788,,
2023,22,zhou,alfa,19,1:25.159,,
2023,22,sargeant,williams,20,,,
2024,1,max_verstappen,red_bull,1,1:30.031,1:29.374,1:29.179
2024,1,leclerc,ferrari,2,1:30.243,1:29.165,1:29.407
2024,1,russell,mercedes,3,1:30.350,1:29.922,1:29.485
2024,1,sainz,ferrari,4,1:29.909,1:29.573,1:29.507
2024,1,perez,red_bull,5,1:30.221,1:29.932,1:29.537
2024,1,alonso,aston_martin,6,1:30.179,1:29.801,1:29.542
2024,1,norris,mclaren,7,1:30.143,1:29.941,1:29.614
2024,1,piastri,mclaren,8,1:30.531,1:30.122,1:29.683
2024,1,hamilton,mercedes,9,1:30.451,1:29.718,1:29.710
2024,1,hulkenberg,haas,10,1:30.566,1:29.851,1:30.502
2024,1,tsunoda,rb,11,1:30.481,1:30.129,
2024,1,stroll,aston_martin,12,1:29.965,1:30.200,
2024,1,albon,williams,13,1:30.397,1:30.221,
2024,1,ricciardo,rb,14,1:30.562,1:30.278,
2024,1,kevin_magnussen,haas,15,1:30.646,1:30.529,
2024,1,bottas,sauber,16,1:30.756,,
2024,1,zhou,sauber,17,1:30.757,,
2024,1,sargeant,williams,18,1:30.770,,
2024,1,ocon,alpine,19,1:30.793,,
2024,1,gasly,alpine,20,1:30.948,,
2024,2,max_verstappen,red_bull,1,1:28.171,1:28.033,1:27.472
2024,2,leclerc,ferrari,2,1:28.318,1:28.112,1:27.791
2024,2,perez,red_bull,3,1:28.638,1:28.467,1:27.807
2024,2,alonso,aston_martin,4,1:28.706,1:28.122,1:27.846
2024,2,piastri,mclaren,5,1:28.755,1:28.343,1:28.089
2024,2,norris,mclaren,6,1:28.805,1:28.479,1:28.132
2024,2,russell,mercedes,7,1:28.749,1:28.448,1:28.316
2024,2,hamilton,mercedes,8,1:28.994,1:28.606,1:28.460
2024,2,tsunoda,rb,9,1:28.988,1:28.564,1:28.547
2024,2,stroll,aston_martin,10,1:28.250,1:28.578,1:28.572
2024,2,bearman,ferrari,11,1:28.984,1:28.642,
2024,2,albon,williams,12,1:29.107,1:28.980,
2024,2,kevin_magnussen,haas,13,1:29.069,1:29.020,
2024,2,ricciardo,rb,14,1:29.065,1:29.025,
2024,2,hulkenberg,haas,15,1:29.055,,
2024,2,bottas,sauber,16,1:29.179,,
2024,2,ocon,alpine,17,1:29.475,,
2024,2,gasly,alpine,18,1:29.479,,
2024,2,sargeant,williams,19,1:29.526,,
2024,2,zhou,sauber,20,,,
2024,3,max_verstappen,red_bull,1,1:16.819,1:16.387,1:15.915
2024,3,sainz,ferrari,2,1:16.731,1:16.189,1:16.185
2024,3,perez,red_bull,3,1:16.805,1:16.631,1:16.274
2024,3,norris,mclaren,4,1:17.430,1:16.750,1:16.315
2024,3,leclerc,ferrari,5,1:16.984,1:16.304,1:16.435
2024,3,piastri,mclaren,6,1:17.369,1:16.601,1:16.572
2024,3,russell,mercedes,7,1:17.062,1:16.901,1:16.724
2024,3,tsunoda,rb,8,1:17.356,1:16.791,1:16.788
2024,3,stroll,aston_martin,9,1:17.376,1:16.780,1:17.072
2024,3,alonso,aston_martin,10,1:16.991,1:16.710,1:17.552
2024,3,hamilton,mercedes,11,1:17.499,1:16.960,
2024,3,albon,williams,12,1:17.130,1:17.167,
2024,3,bottas,sauber,13,1:17.543,1:17.340,
2024,3,kevin_magnussen,haas,14,1:17.709,1:17.427,
2024,3,ocon,alpine,15,1:17.617,1:17.697,
2024,3,hulkenberg,haas,16,1:17.976,,
2024,3,gasly,alpine,17,1:17.982,,
2024,3,ricciardo,rb,18,1:18.085,,
2024,3,zhou,sauber,19,1:18.188,,
2024,4,max_verstappen,red_bull,1,1:28.866,1:28.740,1:28.197
2024,4,perez,red_bull,2,1:29.303,1:28.752,1:28.263
2024,4,norris,mclaren,3,1:29.536,1:28.940,1:28.489
2024,4,sainz,ferrari,4,1:29.513,1:29.099,1:28.682
2024,4,alonso,aston_martin,5,1:29.254,1:29.082,1:28.686
2024,4,piastri,mclaren,6,1:29.425,1:29.148,1:28.760
2024,4,hamilton,mercedes,7,1:29.661,1:28.887,1:28.766
2024,4,leclerc,ferrari,8,1:29.338,1:29.196,1:28.786
2024,4,russell,mercedes,9,1:29.799,1:29.140,1:29.008
2024,4,tsunoda,rb,10,1:29.775,1:29.417,1:29.413
2024,4,ricciardo,rb,11,1:29.727,1:29.472,
2024,4,hulkenberg,haas,12,1:29.821,1:29.494,
2024,4,bottas,sauber,13,1:29.602,1:29.593,
2024,4,albon,williams,14,1:29.963,1:29.714,
2024,4,ocon,alpine,15,1:29.811,1:29.816,
2024,4,stroll,aston_martin,16,1:30.024,,
2024,4,gasly,alpine,17,1:30.119,,
2024,4,kevin_magnussen,haas,18,1:30.131,,
2024,4,sargeant,williams,19,1:30.139,,
2024,4,zhou,sauber,20,1:30.143,,
2024,5,max_verstappen,red_bull,1,1:34.742,1:33.794,1:33.660
2024,5,perez,red_bull,2,1:35.457,1:34.026,1:33.982
2024,5,alonso,aston_martin,3,1:35.116,1:34.652,1:34.148
2024,5,norris,mclaren,4,1:34.842,1:34.460,1:34.165
2024,5,piastri,mclaren,5,1:35.014,1:34.659,1:34.273
2024,5,leclerc,ferrari,6,1:34.797,1:34.399,1:34.289
2024,5,sainz,ferrari,7,1:34.970,1:34.368,1:34.297
2024,5,russell,mercedes,8,1:35.084,1:34.609,1:34.433
2024,5,hulkenberg,haas,9,1:35.068,1:34.667,1:34.604
2024,5,bottas,sauber,10,1:35.169,1:34.769,1:34.665
2024,5,stroll,aston_martin,11,1:35.334,1:34.838,
2024,5,ricciardo,rb,12,1:35.443,1:34.934,
2024,5,ocon,alpine,13,1:35.356,1:35.223,
2024,5,albon,williams,14,1:35.384,1:35.241,
2024,5,gasly,alpine,15,1:35.287,1:35.463,
2024,5,zhou,sauber,16,1:35.505,,
2024,5,kevin_magnussen,haas,17,1:35.516,,
2024,5,hamilton,mercedes,18,1:35.573,,
2024,5,tsunoda,rb,19,1:35.746,,
2024,5,sargeant,williams,20,1:36.358,,
2024,6,max_verstappen,red_bull,1,1:27.689,1:27.566,1:27.241
2024,6,leclerc,ferrari,2,1:28.081,1:27.533,1:27.382
2024,6,sainz,ferrari,3,1:27.937,1:27.941,1:27.455
2024,6,perez,red_bull,4,1:27.772,1:27.839,1:27.460
2024,6,norris,mclaren,5,1:27.913,1:27.871,1:27.594
2024,6,piastri,mclaren,6,1:28.032,1:27.721,1:27.675
2024,6,russell,mercedes,7,1:28.159,1:28.095,1:28.067
2024,6,hamilton,mercedes,8,1:28.167,1:27.697,1:28.107
2024,6,hulkenberg,haas,9,1:28.383,1:28.200,1:28.146
2024,6,tsunoda,rb,10,1:28.324,1:28.167,1:28.192
2024,6,stroll,aston_martin,11,1:28.177,1:28.222,
2024,6,gasly,alpine,12,1:27.976,1:28.324,
2024,6,ocon,alpine,13,1:28.209,1:28.371,
2024,6,albon,williams,14,1:28.343,1:28.413,
2024,6,alonso,aston_martin,15,1:28.453,1:28.427,
2024,6,bottas,sauber,16,1:28.463,,
2024,6,sargeant,williams,17,1:28.487,,
2024,6,ricciardo,rb,18,1:28.617,,
2024,6,kevin_magnussen,haas,19,1:28.619,,
2024,6,zhou,sauber,20,1:28.824,,
2024,7,max_verstappen,red_bull,1,1:15.762,1:15.176,1:14.746
2024,7,piastri,mclaren,2,1:15.940,1:15.407,1:14.820
2024,7,norris,mclaren,3,1:15.915,1:15.371,1:14.837
2024,7,leclerc,ferrari,4,1:15.823,1:15.328,1:14.970
2024,7,sainz,ferrari,5,1:16.015,1:15.512,1:15.233
2024,7,russell,mercedes,6,1:16.107,1:15.671,1:15.234
2024,7,tsunoda,rb,7,1:15.894,1:15.358,1:15.465
2024,7,hamilton,mercedes,8,1:16.604,1:15.677,1:15.504
2024,7,ricciardo,rb,9,1:16.060,1:15.691,1:15.674
2024,7,hulkenberg,haas,10,1:15.841,1:15.569,1:15.980
2024,7,perez,red_bull,11,1:16.404,1:15.706,
2024,7,ocon,alpine,12,1:16.361,1:15.906,
2024,7,stroll,aston_martin,13,1:16.458,1:15.992,
2024,7,albon,williams,14,1:16.524,1:16.200,
2024,7,gasly,alpine,15,1:16.015,1:16.381,
2024,7,bottas,sauber,16,1:16.626,,
2024,7,zhou,sauber,17,1:16.834,,
2024,7,kevin_magnussen,haas,18,1:16.854,,
2024,7,alonso,aston_martin,19,1:16.917,,
2024,7,sargeant,williams,20,,,
2024,8,leclerc,ferrari,1,1:11.584,1:10.825,1:10.270
2024,8,piastri,mclaren,2,1:11.500,1:10.756,1:10.424
2024,8,sainz,ferrari,3,1:11.543,1:11.075,1:10.518
2024,8,norris,mclaren,4,1:11.760,1:10.732,1:10.542
2024,8,russell,mercedes,5,1:11.492,1:10.929,1:10.543
2024,8,max_verstappen,red_bull,6,1:11.711,1:10.745,1:10.567
2024,8,hamilton,mercedes,7,1:11.528,1:11.056,1:10.621
2024,8,tsunoda,rb,8,1:11.852,1:11.106,1:10.858
2024,8,albon,williams,9,1:11.623,1:11.216,1:10.948
2024,8,gasly,alpine,10,1:11.714,1:10.896,1:11.311
2024,8,ocon,alpine,11,1:11.887,1:11.285,
2024,8,ricciardo,rb,12,1:11.785,1:11.482,
2024,8,stroll,aston_martin,13,1:11.728,1:11.563,
2024,8,alonso,aston_martin,14,1:12.019,,
2024,8,hulkenberg,haas,14,1:11.876,1:11.440,
2024,8,sargeant,williams,15,1:12.020,,
2024,8,kevin_magnussen,haas,15,1:11.832,1:11.725,
2024,8,perez,red_bull,16,1:12.060,,
2024,8,bottas,sauber,17,1:12.512,,
2024,8,zhou,sauber,18,1:13.028,,
2024,9,russell,mercedes,1,1:13.013,1:11.742,1:12.000
2024,9,max_verstappen,red_bull,2,1:12.360,1:12.549,1:12.000
2024,9,norris,mclaren,3,1:12.959,1:12.201,1:12.021
2024,9,piastri,mclaren,4,1:12.907,1:12.462,1:12.103
2024,9,ricciardo,rb,5,1:13.240,1:12.572,1:12.178
2024,9,alonso,aston_martin,6,1:13.117,1:12.635,1:12.228
2024,9,hamilton,mercedes,7,1:12.851,1:11.979,1:12.280
2024,9,tsunoda,rb,8,1:12.748,1:12.303,1:12.414
2024,9,stroll,aston_martin,9,1:13.088,1:12.659,1:12.701
2024,9,albon,williams,10,1:12.896,1:12.485,1:12.796
2024,9,leclerc,ferrari,11,1:13.107,1:12.691,
2024,9,sainz,ferrari,12,1:13.038,1:12.728,
2024,9,sargeant,williams,13,1:13.063,1:12.736,
2024,9,kevin_magnussen,haas,14,1:13.217,1:12.916,
2024,9,gasly,alpine,15,1:13.289,1:12.940,
2024,9,perez,red_bull,16,1:13.326,,
2024,9,bottas,sauber,17,1:13.366,,
2024,9,ocon,alpine,18,1:13.435,,
2024,9,hulkenberg,haas,19,1:13.978,,
2024,9,zhou,sauber,20,1:14.292,,
2024,10,norris,mclaren,1,1:12.386,1:11.872,1:11.383
2024,10,max_verstappen,red_bull,2,1:12.306,1:11.653,1:11.403
2024,10,hamilton,mercedes,3,1:12.143,1:11.792,1:11.701
2024,10,russell,mercedes,4,1:12.456,1:11.812,1:11.703
2024,10,leclerc,ferrari,5,1:12.257,1:12.038,1:11.731
2024,10,sainz,ferrari,6,1:12.403,1:11.874,1:11.736
2024,10,gasly,alpine,7,1:12.651,1:12.079,1:11.857
2024,10,perez,red_bull,8,1:12.477,1:12.054,1:12.061
2024,10,ocon,alpine,9,1:12.691,1:12.109,1:12.125
2024,10,piastri,mclaren,10,1:12.460,1:12.011,
2024,10,alonso,aston_martin,11,1:12.505,1:12.128,
2024,10,bottas,sauber,12,1:12.758,1:12.227,
2024,10,hulkenberg,haas,13,1:12.708,1:12.310,
2024,10,stroll,aston_martin,14,1:12.881,1:12.372,
2024,10,zhou,sauber,15,1:12.880,1:12.738,
2024,10,kevin_magnussen,haas,16,1:12.937,,
2024,10,tsunoda,rb,17,1:12.985,,
2024,10,ricciardo,rb,18,1:13.075,,
2024,10,albon,williams,19,1:13.153,,
2024,10,sargeant,williams,20,1:13.509,,
2024,11,max_verstappen,red_bull,1,1:05.336,1:04.469,1:04.314
2024,11,norris,mclaren,2,1:05.450,1:05.103,1:04.718
2024,11,russell,mercedes,3,1:05.585,1:05.016,1:04.840
2024,11,sainz,ferrari,4,1:05.263,1:05.016,1:04.851
2024,11,hamilton,mercedes,5,1:05.541,1:05.053,1:04.903
2024,11,leclerc,ferrari,6,1:05.509,1:05.104,1:05.044
2024,11,piastri,mclaren,7,1:05.311,1:05.070,1:05.048
2024,11,perez,red_bull,8,1:05.587,1:05.144,1:05.202
2024,11,hulkenberg,haas,9,1:05.596,1:05.262,1:05.385
2024,11,ocon,alpine,10,1:05.574,1:05.274,1:05.883
2024,11,ricciardo,rb,11,1:05.569,1:05.289,
2024,11,kevin_magnussen,haas,12,1:05.508,1:05.347,
2024,11,gasly,alpine,13,1:05.598,1:05.359,
2024,11,tsunoda,rb,14,1:05.563,1:05.412,
2024,11,alonso,aston_martin,15,1:05.656,1:05.639,
2024,11,albon,williams,16,1:05.736,,
2024,11,stroll,aston_martin,17,1:05.819,,
2024,11,bottas,sauber,18,1:05.847,,
2024,11,sargeant,williams,19,1:05.856,,
2024,11,zhou,sauber,20,1:06.061,,
2024,12,russell,mercedes,1,1:30.106,1:26.723,1:25.819
2024,12,hamilton,mercedes,2,1:29.547,1:26.770,1:25.990
2024,12,norris,mclaren,3,1:31.596,1:26.559,1:26.030
2024,12,max_verstappen,red_bull,4,1:31.342,1:26.796,1:26.203
2024,12,piastri,mclaren,5,1:30.895,1:26.733,1:26.237
2024,12,hulkenberg,haas,6,1:31.929,1:26.847,1:26.338
2024,12,sainz,ferrari,7,1:30.557,1:26.843,1:26.509
2024,12,stroll,aston_martin,8,1:31.410,1:26.938,1:26.585
2024,12,albon,williams,9,1:31.135,1:26.933,1:26.640
2024,12,alonso,aston_martin,10,1:31.264,1:26.730,1:26.917
2024,12,leclerc,ferrari,11,1:30.496,1:27.097,
2024,12,sargeant,williams,12,1:31.608,1:27.175,
2024,12,tsunoda,rb,13,1:30.994,1:27.269,
2024,12,zhou,sauber,14,1:31.190,1:27.867,
2024,12,ricciardo,rb,15,1:31.291,1:27.949,
2024,12,bottas,sauber,16,1:32.431,,
2024,12,kevin_magnussen,haas,17,1:32.905,,
2024,12,ocon,alpine,18,1:34.557,,
2024,12,perez,red_bull,19,1:38.348,,
2024,12,gasly,alpine,20,1:39.804,,
2024,13,norris,mclaren,1,1:17.755,1:15.540,1:15.227
2024,13,piastri,mclaren,2,1:17.504,1:15.785,1:15.249
2024,13,max_verstappen,red_bull,3,1:17.087,1:15.770,1:15.273
2024,13,sainz,ferrari,4,1:17.244,1:15.885,1:15.696
2024,13,hamilton,mercedes,5,1:17.087,1:16.307,1:15.854
2024,13,leclerc,ferrari,6,1:17.437,1:15.891,1:15.905
2024,13,alonso,aston_martin,7,1:17.624,1:16.117,1:16.043
2024,13,stroll,aston_martin,8,1:17.405,1:16.075,1:16.244
2024,13,ricciardo,rb,9,1:17.050,1:16.202,1:16.447
2024,13,tsunoda,rb,10,1:17.436,1:16.121,1:16.477
2024,13,hulkenberg,haas,11,1:17.362,1:16.317,
2024,13,bottas,sauber,12,1:17.487,1:16.384,
2024,13,albon,williams,13,1:17.280,1:16.429,
2024,13,sargeant,williams,14,1:17.770,1:16.543,
2024,13,kevin_magnussen,haas,15,1:17.851,1:16.548,
2024,13,perez,red_bull,16,1:17.886,,
2024,13,russell,mercedes,17,1:17.968,,
2024,13,zhou,sauber,18,1:18.037,,
2024,13,ocon,alpine,19,1:18.049,,
2024,13,gasly,alpine,20,1:18.166,,
2024,14,max_verstappen,red_bull,1,1:54.938,1:53.837,1:53.159
2024,14,leclerc,ferrari,2,1:55.349,1:54.193,1:53.754
2024,14,perez,red_bull,3,1:55.139,1:54.470,1:53.765
2024,14,hamilton,mercedes,4,1:55.692,1:54.037,1:53.835
2024,14,norris,mclaren,5,1:55.582,1:54.358,1:53.981
2024,14,piastri,mclaren,6,1:54.835,1:54.136,1:54.027
2024,14,russell,mercedes,7,1:55.353,1:54.095,1:54.184
2024,14,sainz,ferrari,8,1:55.169,1:54.112,1:54.477
2024,14,alonso,aston_martin,9,1:55.489,1:54.258,1:54.765
2024,14,ocon,alpine,10,1:55.417,1:54.460,1:54.810
2024,14,albon,williams,11,1:55.722,1:54.473,
2024,14,gasly,alpine,12,1:54.911,1:54.635,
2024,14,ricciardo,rb,13,1:55.451,1:54.682,
2024,14,bottas,sauber,14,1:55.531,1:54.764,
2024,14,stroll,aston_martin,15,1:56.072,1:55.716,
2024,14,hulkenberg,haas,16,1:56.308,,
2024,14,kevin_magnussen,haas,17,1:56.500,,
2024,14,tsunoda,rb,18,1:56.593,,
2024,14,sargeant,williams,19,1:57.230,,
2024,14,zhou,sauber,20,1:57.775,,
2024,15,norris,mclaren,1,1:11.377,1:10.496,1:09.673
2024,15,max_verstappen,red_bull,2,1:11.393,1:10.811,1:10.029
2024,15,piastri,mclaren,3,1:11.541,1:10.505,1:10.172
2024,15,russell,mercedes,4,1:11.049,1:10.552,1:10.244
2024,15,perez,red_bull,5,1:11.006,1:10.678,1:10.416
2024,15,leclerc,ferrari,6,1:11.370,1:10.689,1:10.582
2024,15,alonso,aston_martin,7,1:11.493,1:10.845,1:10.633
2024,15,stroll,aston_martin,8,1:11.518,1:10.661,1:10.857
2024,15,gasly,alpine,9,1:11.718,1:10.815,1:10.977
2024,15,sainz,ferrari,10,1:11.327,1:10.914,
2024,15,albon,williams,10,,1:10.768,1:10.653
2024,15,hamilton,mercedes,11,1:11.375,1:10.948,
2024,15,tsunoda,rb,12,1:11.603,1:10.955,
2024,15,hulkenberg,haas,13,1:11.832,1:11.215,
2024,15,kevin_magnussen,haas,14,1:11.630,1:11.295,
2024,15,ricciardo,rb,15,1:11.943,,
2024,15,ocon,alpine,16,1:11.995,,
2024,15,bottas,sauber,17,1:12.168,,
2024,15,zhou,sauber,18,1:13.261,,
2024,15,sargeant,williams,20,,,
2024,16,norris,mclaren,1,1:19.911,1:19.727,1:19.327
2024,16,piastri,mclaren,2,1:20.076,1:19.808,1:19.436
2024,16,russell,mercedes,3,1:20.169,1:19.877,1:19.440
2024,16,leclerc,ferrari,4,1:20.074,1:20.007,1:19.461
2024,16,sainz,ferrari,5,1:20.149,1:19.799,1:19.467
2024,16,hamilton,mercedes,6,1:20.477,1:19.641,1:19.513
2024,16,max_verstappen,red_bull,7,1:20.226,1:19.662,1:20.022
2024,16,perez,red_bull,8,1:20.598,1:20.216,1:20.062
2024,16,albon,williams,9,1:20.542,1:20.314,1:20.299
2024,16,hulkenberg,haas,10,1:20.781,1:20.411,1:20.339
2024,16,alonso,aston_martin,11,1:20.617,1:20.421,
2024,16,ricciardo,rb,12,1:20.901,1:20.479,
2024,16,kevin_magnussen,haas,13,1:20.856,1:20.698,
2024,16,gasly,alpine,14,1:20.748,1:20.738,
2024,16,ocon,alpine,15,1:20.764,1:20.766,
2024,16,tsunoda,rb,16,1:20.945,,
2024,16,stroll,aston_martin,17,1:21.013,,
2024,16,colapinto,williams,18,1:21.061,,
2024,16,bottas,sauber,19,1:21.101,,
2024,16,zhou,sauber,20,1:21.445,,
2024,17,leclerc,ferrari,1,1:42.775,1:42.056,1:41.365
2024,17,piastri,mclaren,2,1:43.033,1:42.598,1:41.686
2024,17,sainz,ferrari,3,1:43.357,1:42.503,1:41.805
2024,17,perez,red_bull,4,1:43.213,1:42.263,1:41.813
2024,17,russell,mercedes,5,1:43.139,1:42.329,1:41.874
2024,17,max_verstappen,red_bull,6,1:43.097,1:42.042,1:42.023
2024,17,hamilton,mercedes,7,1:43.089,1:42.765,1:42.289
2024,17,alonso,aston_martin,8,1:43.472,1:42.426,1:42.369
2024,17,colapinto,williams,9,1:43.138,1:42.473,1:42.530
2024,17,albon,williams,10,1:42.899,1:42.840,1:42.859
2024,17,bearman,haas,11,1:43.471,1:42.968,
2024,17,tsunoda,rb,12,1:43.337,1:43.035,
2024,17,hulkenberg,haas,13,1:43.101,1:43.191,
2024,17,stroll,aston_martin,14,1:43.370,1:43.404,
2024,17,gasly,alpine,15,,1:43.179,
2024,17,ricciardo,rb,15,1:43.547,,
2024,17,norris,mclaren,16,1:43.609,,
2024,17,bottas,sauber,17,1:43.618,,
2024,17,zhou,sauber,18,1:44.246,,
2024,17,ocon,alpine,19,1:44.504,,
2024,18,norris,mclaren,1,1:30.002,1:30.007,1:29.525
2024,18,max_verstappen,red_bull,2,1:30.157,1:29.680,1:29.728
2024,18,hamilton,mercedes,3,1:30.393,1:29.929,1:29.841
2024,18,russell,mercedes,4,1:30.811,1:30.153,1:29.867
2024,18,piastri,mclaren,5,1:30.258,1:29.640,1:29.953
2024,18,hulkenberg,haas,6,1:30.724,1:30.150,1:30.115
2024,18,alonso,aston_martin,7,1:30.684,1:30.450,1:30.214
2024,18,tsunoda,rb,8,1:30.716,1:30.289,1:30.354
2024,18,leclerc,ferrari,9,1:30.786,1:29.747,
2024,18,sainz,ferrari,10,1:30.670,1:30.108,
2024,18,albon,williams,11,1:30.679,1:30.474,
2024,18,colapinto,williams,12,1:30.704,1:30.481,
2024,18,perez,red_bull,13,1:30.624,1:30.579,
2024,18,kevin_magnussen,haas,14,1:30.829,1:30.653,
2024,18,ocon,alpine,15,1:30.958,1:30.769,
2024,18,ricciardo,rb,16,1:31.085,,
2024,18,stroll,aston_martin,17,1:31.094,,
2024,18,gasly,alpine,18,1:31.312,,
2024,18,bottas,sauber,19,1:31.572,,
2024,18,zhou,sauber,20,1:32.054,,
2024,19,norris,mclaren,1,1:33.616,1:32.851,1:32.330
2024,19,max_verstappen,red_bull,2,1:33.046,1:32.584,1:32.361
2024,19,sainz,ferrari,3,1:33.556,1:32.836,1:32.652
2024,19,leclerc,ferrari,4,1:33.241,1:32.962,1:32.740
2024,19,piastri,mclaren,5,1:33.864,1:33.057,1:32.950
2024,19,russell,mercedes,6,1:33.536,1:33.142,1:32.974
2024,19,gasly,alpine,7,1:33.550,1:33.162,1:33.018
2024,19,alonso,aston_martin,8,1:33.973,1:33.429,1:33.309
2024,19,kevin_magnussen,haas,9,1:33.564,1:33.474,1:33.481
2024,19,perez,red_bull,10,1:33.611,1:33.020,
2024,19,tsunoda,rb,11,1:33.795,1:33.506,
2024,19,hulkenberg,haas,12,1:33.601,1:33.544,
2024,19,ocon,alpine,13,1:33.986,1:33.597,
2024,19,stroll,aston_martin,14,1:34.033,1:33.759,
2024,19,lawson,rb,15,1:33.339,,
2024,19,albon,williams,16,1:34.051,,
2024,19,colapinto,williams,17,1:34.062,,
2024,19,bottas,sauber,18,1:34.152,,
2024,19,hamilton,mercedes,19,1:34.154,,
2024,19,zhou,sauber,20,1:34.228,,
2024,20,sainz,ferrari,1,1:16.778,1:16.515,1:15.946
2024,20,max_verstappen,red_bull,2,1:16.803,1:16.514,1:16.171
2024,20,norris,mclaren,3,1:16.505,1:16.301,1:16.260
2024,20,leclerc,ferrari,4,1:16.972,1:16.641,1:16.265
2024,20,russell,mercedes,5,1:17.194,1:16.937,1:16.356
2024,20,hamilton,mercedes,6,1:17.306,1:16.973,1:16.651
2024,20,kevin_magnussen,haas,7,1:17.125,1:17.003,1:16.886
2024,20,gasly,alpine,8,1:17.149,1:17.048,1:16.892
2024,20,albon,williams,9,1:17.189,1:16.988,1:17.065
2024,20,hulkenberg,haas,10,1:17.186,1:16.995,1:17.365
2024,20,tsunoda,rb,11,1:17.182,1:17.129,
2024,20,lawson,rb,12,1:17.380,1:17.162,
2024,20,alonso,aston_martin,13,1:17.307,1:17.168,
2024,20,stroll,aston_martin,14,1:17.407,1:17.294,
2024,20,bottas,sauber,15,1:17.393,1:17.817,
2024,20,colapinto,williams,16,1:17.558,,
2024,20,piastri,mclaren,17,1:17.597,,
2024,20,perez,red_bull,18,1:17.611,,
2024,20,ocon,alpine,19,1:17.617,,
2024,20,zhou,sauber,20,1:18.072,,
2024,21,norris,mclaren,1,1:30.944,1:24.844,1:23.405
2024,21,russell,mercedes,2,1:29.121,1:26.307,1:23.578
2024,21,tsunoda,rb,3,1:29.172,1:26.464,1:24.111
2024,21,ocon,alpine,4,1:29.171,1:26.206,1:24.475
2024,21,lawson,rb,5,1:30.758,1:25.654,1:24.484
2024,21,leclerc,ferrari,6,1:29.839,1:26.097,1:24.525
2024,21,albon,williams,7,1:29.072,1:24.657,1:24.657
2024,21,piastri,mclaren,8,1:30.114,1:24.686,1:24.686
2024,21,alonso,aston_martin,9,1:30.207,1:28.998,1:28.998
2024,21,stroll,aston_martin,10,1:30.580,1:26.334,
2024,21,bottas,sauber,11,1:30.633,1:26.472,
2024,21,max_verstappen,red_bull,12,1:28.522,1:27.771,
2024,21,perez,red_bull,13,1:30.035,1:28.158,
2024,21,sainz,ferrari,14,1:30.303,1:29.406,
2024,21,gasly,alpine,15,1:29.420,1:29.614,
2024,21,hamilton,mercedes,16,1:31.150,,
2024,21,bearman,haas,17,1:31.229,,
2024,21,colapinto,williams,18,1:31.270,,
2024,21,hulkenberg,haas,19,1:31.623,,
2024,21,zhou,sauber,20,1:32.263,,
2024,22,russell,mercedes,1,1:33.186,1:32.779,1:32.312
2024,22,sainz,ferrari,2,1:33.484,1:32.711,1:32.410
2024,22,gasly,alpine,3,1:33.691,1:32.879,1:32.664
2024,22,leclerc,ferrari,4,1:33.446,1:33.016,1:32.783
2024,22,max_verstappen,red_bull,5,1:33.299,1:33.085,1:32.797
2024,22,norris,mclaren,6,1:33.592,1:33.099,1:33.008
2024,22,tsunoda,rb,7,1:33.789,1:33.089,1:33.029
2024,22,piastri,mclaren,8,1:33.450,1:33.024,1:33.033
2024,22,hulkenberg,haas,9,1:33.920,1:33.114,1:33.062
2024,22,hamilton,mercedes,10,1:33.225,1:32.567,1:48.106
2024,22,ocon,alpine,11,1:33.968,1:33.221,
2024,22,kevin_magnussen,haas,12,1:33.991,1:33.297,
2024,22,zhou,sauber,13,1:34.079,1:33.566,
2024,22,colapinto,williams,14,1:33.746,1:33.749,
2024,22,lawson,rb,15,1:34.087,1:34.257,
2024,22,perez,red_bull,16,1:34.155,,
2024,22,alonso,aston_martin,17,1:34.258,,
2024,22,albon,williams,18,1:34.425,,
2024,22,bottas,sauber,19,1:34.430,,
2024,22,stroll,aston_martin,20,1:34.484,,
2024,23,max_verstappen,red_bull,1,1:21.579,1:20.687,1:20.520
2024,23,russell,mercedes,2,1:21.241,1:21.069,1:20.575
2024,23,norris,mclaren,3,1:21.578,1:20.983,1:20.772
2024,23,piastri,mclaren,4,1:21.821,1:21.121,1:20.829
2024,23,leclerc,ferrari,5,1:21.278,1:21.000,1:20.852
2024,23,hamilton,mercedes,6,1:21.637,1:21.095,1:21.011
2024,23,sainz,ferrari,7,1:21.447,1:21.199,1:21.041
2024,23,alonso,aston_martin,8,1:21.608,1:21.208,1:21.251
2024,23,perez,red_bull,9,1:21.675,1:21.425,1:21.425
2024,23,kevin_magnussen,haas,10,1:21.891,1:21.387,1:21.500
2024,23,gasly,alpine,11,1:21.843,1:21.437,
2024,23,zhou,sauber,12,1:22.103,1:21.501,
2024,23,bottas,sauber,13,1:21.927,1:21.731,
2024,23,tsunoda,rb,14,1:22.364,1:21.771,
2024,23,stroll,aston_martin,15,1:22.011,1:21.911,
2024,23,albon,williams,16,1:22.390,,
2024,23,lawson,rb,17,1:22.411,,
2024,23,hulkenberg,haas,18,1:22.442,,
2024,23,colapinto,williams,19,1:22.594,,
2024,23,ocon,alpine,20,1:22.714,,
2024,24,norris,mclaren,1,1:23.682,1:23.098,1:22.595
2024,24,piastri,mclaren,2,1:23.640,1:23.199,1:22.804
2024,24,sainz,ferrari,3,1:23.487,1:22.985,1:22.824
2024,24,hulkenberg,haas,4,1:23.722,1:23.040,1:22.886
2024,24,max_verstappen,red_bull,5,1:23.516,1:22.998,1:22.945
2024,24,gasly,alpine,6,1:23.548,1:23.086,1:22.984
2024,24,russell,mercedes,7,1:23.678,1:23.283,1:23.132
2024,24,alonso,aston_martin,8,1:23.794,1:23.268,1:23.196
2024,24,bottas,sauber,9,1:23.481,1:23.341,1:23.204
2024,24,perez,red_bull,10,1:23.559,1:23.379,1:23.264
2024,24,tsunoda,rb,11,1:23.735,1:23.419,
2024,24,lawson,rb,12,1:23.733,1:23.472,
2024,24,stroll,aston_martin,13,1:23.729,1:23.784,
2024,24,leclerc,ferrari,14,1:23.302,1:23.833,
2024,24,kevin_magnussen,haas,15,1:23.632,1:23.877,
2024,24,albon,williams,16,1:23.821,,
2024,24,zhou,sauber,17,1:23.880,,
2024,24,hamilton,mercedes,18,1:23.887,,
2024,24,colapinto,williams,19,1:23.912,,
2024,24,doohan,alpine,20,1:24.105,,
2025,1,norris,mclaren,1,1:15.912,1:15.415,1:15.096
2025,1,piastri,mclaren,2,1:16.062,1:15.468,1:15.180
2025,1,max_verstappen,red_bull,3,1:16.018,1:15.565,1:15.481
2025,1,russell,mercedes,4,1:15.971,1:15.798,1:15.546
2025,1,tsunoda,rb,5,1:16.225,1:16.009,1:15.670
2025,1,albon,williams,6,1:16.245,1:16.017,1:15.737
2025,1,leclerc,ferrari,7,1:16.029,1:15.827,1:15.755
2025,1,hamilton,ferrari,8,1:16.213,1:15.919,1:15.973
2025,1,gasly,alpine,9,1:16.328,1:16.112,1:15.980
2025,1,sainz,williams,10,1:16.360,1:15.931,1:16.062
2025,1,hadjar,rb,11,1:16.354,1:16.175,
2025,1,alonso,aston_martin,12,1:16.288,1:16.453,
2025,1,stroll,aston_martin,13,1:16.369,1:16.483,
2025,1,doohan,alpine,14,1:16.315,1:16.863,
2025,1,bortoleto,sauber,15,1:16.516,1:17.520,
2025,1,antonelli,mercedes,16,1:16.525,,
2025,1,hulkenberg,sauber,17,1:16.579,,
2025,1,lawson,red_bull,18,1:17.094,,
2025,1,ocon,haas,19,1:17.147,,
2025,1,bearman,haas,20,,,
2025,2,piastri,mclaren,1,1:31.591,1:31.200,1:30.641
2025,2,russell,mercedes,2,1:31.295,1:31.307,1:30.723
2025,2,norris,mclaren,3,1:30.983,1:30.787,1:30.793
2025,2,max_verstappen,red_bull,4,1:31.424,1:31.142,1:30.817
2025,2,hamilton,ferrari,5,1:31.690,1:31.501,1:30.927
2025,2,leclerc,ferrari,6,1:31.579,1:31.450,1:31.021
2025,2,hadjar,rb,7,1:31.162,1:31.253,1:31.079
2025,2,antonelli,mercedes,8,1:31.676,1:31.590,1:31.103
2025,2,tsunoda,rb,9,1:31.238,1:31.260,1:31.638
2025,2,albon,williams,10,1:31.503,1:31.595,1:31.706
2025,2,ocon,haas,11,1:31.876,1:31.625,
2025,2,hulkenberg,sauber,12,1:31.921,1:31.632,
2025,2,alonso,aston_martin,13,1:31.719,1:31.688,
2025,2,stroll,aston_martin,14,1:31.923,1:31.773,
2025,2,sainz,williams,15,1:31.628,1:31.840,
2025,2,gasly,alpine,16,1:31.992,,
2025,2,bearman,haas,17,1:32.018,,
2025,2,doohan,alpine,18,1:32.092,,
2025,2,bortoleto,sauber,19,1:32.141,,
2025,2,lawson,red_bull,20,1:32.174,,
2025,3,max_verstappen,red_bull,1,1:27.943,1:27.502,1:26.983
2025,3,norris,mclaren,2,1:27.845,1:27.146,1:26.995
2025,3,piastri,mclaren,3,1:27.687,1:27.507,1:27.027
2025,3,leclerc,ferrari,4,1:27.920,1:27.555,1:27.299
2025,3,russell,mercedes,5,1:27.843,1:27.400,1:27.318
2025,3,antonelli,mercedes,6,1:27.968,1:27.639,1:27.555
2025,3,hadjar,rb,7,1:28.278,1:27.775,1:27.569
2025,3,hamilton,ferrari,8,1:27.942,1:27.610,1:27.610
2025,3,albon,williams,9,1:28.218,1:27.783,1:27.615
2025,3,bearman,haas,10,1:28.228,1:27.711,1:27.867
2025,3,gasly,alpine,11,1:28.186,1:27.822,
2025,3,sainz,williams,12,1:28.209,1:27.836,
2025,3,alonso,aston_martin,13,1:28.337,1:27.897,
2025,3,lawson,rb,14,1:28.554,1:27.906,
2025,3,tsunoda,red_bull,15,1:27.967,1:28.000,
2025,3,hulkenberg,sauber,16,1:28.570,,
2025,3,bortoleto,sauber,17,1:28.622,,
2025,3,ocon,haas,18,1:28.696,,
2025,3,doohan,alpine,19,1:28.877,,
2025,3,stroll,aston_martin,20,1:29.271,,
2025,4,piastri,mclaren,1,1:31.392,1:30.454,1:29.841
2025,4,russell,mercedes,2,1:31.494,1:30.664,1:30.009
2025,4,leclerc,ferrari,3,1:31.454,1:30.724,1:30.175
2025,4,antonelli,mercedes,4,1:31.415,1:30.716,1:30.213
2025,4,gasly,alpine,5,1:31.462,1:30.643,1:30.216
2025,4,norris,mclaren,6,1:31.107,1:30.560,1:30.267
2025,4,max_verstappen,red_bull,7,1:31.303,1:31.019,1:30.423
2025,4,sainz,williams,8,1:31.591,1:30.844,1:30.680
2025,4,hamilton,ferrari,9,1:31.219,1:31.009,1:30.772
2025,4,tsunoda,red_bull,10,1:31.751,1:31.228,1:31.303
2025,4,doohan,alpine,11,1:31.414,1:31.245,
2025,4,hadjar,rb,12,1:31.591,1:31.271,
2025,4,alonso,aston_martin,13,1:31.634,1:31.886,
2025,4,ocon,haas,14,1:31.594,,
2025,4,albon,williams,15,1:32.040,,
2025,4,hulkenberg,sauber,16,1:32.067,,
2025,4,lawson,rb,17,1:32.165,,
2025,4,bortoleto,sauber,18,1:32.186,,
2025,4,stroll,aston_martin,19,1:32.283,,
2025,4,bearman,haas,20,1:32.373,,
2025,5,max_verstappen,red_bull,1,1:27.778,1:27.529,1:27.294
2025,5,piastri,mclaren,2,1:27.901,1:27.545,1:27.304
2025,5,russell,mercedes,3,1:28.282,1:27.599,1:27.407
2025,5,leclerc,ferrari,4,1:28.552,1:27.866,1:27.670
2025,5,antonelli,mercedes,5,1:28.128,1:27.798,1:27.866
2025,5,sainz,williams,6,1:28.354,1:28.024,1:28.164
2025,5,hamilton,ferrari,7,1:28.372,1:28.102,1:28.201
2025,5,tsunoda,red_bull,8,1:28.226,1:27.990,1:28.204
2025,5,gasly,alpine,9,1:28.421,1:28.025,1:28.367
2025,5,norris,mclaren,10,1:27.805,1:27.481,
2025,5,albon,williams,11,1:28.279,1:28.109,
2025,5,lawson,rb,12,1:28.561,1:28.191,
2025,5,alonso,aston_martin,13,1:28.548,1:28.303,
2025,5,hadjar,rb,14,1:28.571,1:28.418,
2025,5,bearman,haas,15,1:28.536,1:28.648,
2025,5,stroll,aston_martin,16,1:28.645,,
2025,5,doohan,alpine,17,1:28.739,,
2025,5,hulkenberg,sauber,18,1:28.782,,
2025,5,ocon,haas,19,1:29.092,,
2025,5,bortoleto,sauber,20,1:29.462,,
2025,6,max_verstappen,red_bull,1,1:26.870,1:26.643,1:26.204
2025,6,norris,mclaren,2,1:26.955,1:26.499,1:26.269
2025,6,antonelli,mercedes,3,1:27.077,1:26.606,1:26.271
2025,6,piastri,mclaren,4,1:27.006,1:26.269,1:26.375
2025,6,russell,mercedes,5,1:27.014,1:26.575,1:26.385
2025,6,sainz,williams,6,1:27.098,1:26.847,1:26.569
2025,6,albon,williams,7,1:27.042,1:26.855,1:26.682
2025,6,leclerc,ferrari,8,1:27.417,1:26.948,1:26.754
2025,6,ocon,haas,9,1:27.450,1:26.967,1:26.824
2025,6,tsunoda,red_bull,10,1:27.298,1:26.959,1:26.943
2025,6,hadjar,rb,11,1:27.301,1:26.987,
2025,6,hamilton,ferrari,12,1:27.279,1:27.006,
2025,6,bortoleto,sauber,13,1:27.343,1:27.151,
2025,6,doohan,alpine,14,1:27.422,1:27.186,
2025,6,lawson,rb,15,1:27.444,1:27.363,
2025,6,hulkenberg,sauber,16,1:27.473,,
2025,6,alonso,aston_martin,17,1:27.604,,
2025,6,gasly,alpine,18,1:27.710,,
2025,6,stroll,aston_martin,19,1:27.830,,
2025,6,bearman,haas,20,1:27.999,,
2025,7,piastri,mclaren,1,1:15.500,1:15.214,1:14.670
2025,7,max_verstappen,red_bull,2,1:15.175,1:15.394,1:14.704
2025,7,russell,mercedes,3,1:15.852,1:15.334,1:14.807
2025,7,norris,mclaren,4,1:15.894,1:15.261,1:14.962
2025,7,alonso,aston_martin,5,1:15.695,1:15.442,1:15.431
2025,7,sainz,williams,6,1:15.987,1:15.198,1:15.432
2025,7,albon,williams,7,1:16.123,1:15.521,1:15.473
2025,7,stroll,aston_martin,8,1:15.817,1:15.497,1:15.581
2025,7,hadjar,rb,9,1:16.253,1:15.510,1:15.746
2025,7,gasly,alpine,10,1:15.937,1:15.505,1:15.787
2025,7,leclerc,ferrari,11,1:16.108,1:15.604,
2025,7,hamilton,ferrari,12,1:16.163,1:15.765,
2025,7,antonelli,mercedes,13,1:15.943,1:15.772,
2025,7,bortoleto,sauber,14,1:16.340,1:16.260,
2025,7,colapinto,alpine,15,1:16.256,,
2025,7,lawson,rb,16,1:16.379,,
2025,7,hulkenberg,sauber,17,1:16.518,,
2025,7,ocon,haas,18,1:16.613,,
2025,7,bearman,haas,19,1:16.918,,
2025,7,tsunoda,red_bull,20,,,
2025,8,norris,mclaren,1,1:11.285,1:10.570,1:09.954
2025,8,leclerc,ferrari,2,1:11.229,1:10.581,1:10.063
2025,8,piastri,mclaren,3,1:11.308,1:10.858,1:10.129
2025,8,hamilton,ferrari,4,1:11.575,1:10.883,1:10.382
2025,8,max_verstappen,red_bull,5,1:11.431,1:10.875,1:10.669
2025,8,hadjar,rb,6,1:11.811,1:11.040,1:10.923
2025,8,alonso,aston_martin,7,1:11.674,1:11.182,1:10.924
2025,8,ocon,haas,8,1:11.839,1:11.262,1:10.942
2025,8,lawson,rb,9,1:11.818,1:11.250,1:11.129
2025,8,albon,williams,10,1:11.629,1:10.732,1:11.213
2025,8,sainz,williams,11,1:11.707,1:11.362,
2025,8,tsunoda,red_bull,12,1:11.800,1:11.415,
2025,8,hulkenberg,sauber,13,1:11.871,1:11.596,
2025,8,russell,mercedes,14,1:11.507,,
2025,8,antonelli,mercedes,15,1:11.880,,
2025,8,bortoleto,sauber,16,1:11.902,,
2025,8,bearman,haas,17,1:11.979,,
2025,8,gasly,alpine,18,1:11.994,,
2025,8,stroll,aston_martin,19,1:12.563,,
2025,8,colapinto,alpine,20,1:12.597,,
2025,9,piastri,mclaren,1,1:12.551,1:11.998,1:11.546
2025,9,norris,mclaren,2,1:12.799,1:12.056,1:11.755
2025,9,max_verstappen,red_bull,3,1:12.798,1:12.358,1:11.848
2025,9,russell,mercedes,4,1:12.806,1:12.407,1:11.848
2025,9,hamilton,ferrari,5,1:13.058,1:12.447,1:12.045
2025,9,antonelli,mercedes,6,1:12.815,1:12.585,1:12.111
2025,9,leclerc,ferrari,7,1:13.014,1:12.495,1:12.131
2025,9,gasly,alpine,8,1:13.081,1:12.611,1:12.199
2025,9,hadjar,rb,9,1:13.139,1:12.461,1:12.252
2025,9,alonso,aston_martin,10,1:13.102,1:12.523,1:12.284
2025,9,albon,williams,11,1:13.044,1:12.641,
2025,9,bortoleto,sauber,12,1:13.045,1:12.756,
2025,9,lawson,rb,13,1:13.039,1:12.763,
2025,9,stroll,aston_martin,14,1:13.038,1:13.058,
2025,9,bearman,haas,15,1:13.074,1:13.315,
2025,9,hulkenberg,sauber,16,1:13.190,,
2025,9,ocon,haas,17,1:13.201,,
2025,9,sainz,williams,18,1:13.203,,
2025,9,colapinto,alpine,19,1:13.334,,
2025,9,tsunoda,red_bull,20,1:13.385,,
2025,10,russell,mercedes,1,1:12.075,1:11.570,1:10.899
2025,10,max_verstappen,red_bull,2,1:12.054,1:11.638,1:11.059
2025,10,piastri,mclaren,3,1:11.939,1:11.715,1:11.120
2025,10,antonelli,mercedes,4,1:12.279,1:11.974,1:11.391
2025,10,hamilton,ferrari,5,1:11.952,1:11.885,1:11.526
2025,10,alonso,aston_martin,6,1:12.073,1:11.805,1:11.586
2025,10,norris,mclaren,7,1:11.826,1:11.599,1:11.625
2025,10,leclerc,ferrari,8,1:12.038,1:11.626,1:11.682
2025,10,hadjar,rb,9,1:12.211,1:12.003,1:11.867
2025,10,albon,williams,10,1:12.090,1:11.892,1:11.907
2025,10,tsunoda,red_bull,11,1:12.334,1:12.102,
2025,10,colapinto,alpine,12,1:12.234,1:12.142,
2025,10,hulkenberg,sauber,13,1:12.323,1:12.183,
2025,10,bearman,haas,14,1:12.306,1:12.340,
2025,10,ocon,haas,15,1:12.378,1:12.634,
2025,10,bortoleto,sauber,16,1:12.385,,
2025,10,sainz,williams,17,1:12.398,,
2025,10,stroll,aston_martin,18,1:12.517,,
2025,10,lawson,rb,19,1:12.525,,
2025,10,gasly,alpine,20,1:12.667,,
2025,11,norris,mclaren,1,1:04.672,1:04.410,1:03.971
2025,11,leclerc,ferrari,2,1:05.197,1:04.734,1:04.492
2025,11,piastri,mclaren,3,1:04.966,1:04.556,1:04.554
2025,11,hamilton,ferrari,4,1:05.115,1:04.896,1:04.582
2025,11,russell,mercedes,5,1:05.189,1:04.860,1:04.763
2025,11,lawson,rb,6,1:05.017,1:05.041,1:04.926
2025,11,max_verstappen,red_bull,7,1:05.106,1:04.836,1:04.929
2025,11,bortoleto,sauber,8,1:05.123,1:04.846,1:05.132
2025,11,antonelli,mercedes,9,1:05.178,1:05.052,1:05.276
2025,11,gasly,alpine,10,1:05.054,1:04.846,1:05.649
2025,11,alonso,aston_martin,11,1:05.197,1:05.128,
2025,11,albon,williams,12,1:05.143,1:05.205,
2025,11,hadjar,rb,13,1:05.063,1:05.226,
2025,11,colapinto,alpine,14,1:05.278,1:05.288,
2025,11,bearman,haas,15,1:05.218,1:05.312,
2025,11,stroll,aston_martin,16,1:05.329,,
2025,11,ocon,haas,17,1:05.364,,
2025,11,tsunoda,red_bull,18,1:05.369,,
2025,11,sainz,williams,19,1:05.582,,
2025,11,hulkenberg,sauber,20,1:05.606,,
2025,12,max_verstappen,red_bull,1,1:25.886,1:25.316,1:24.892
2025,12,piastri,mclaren,2,1:25.963,1:25.316,1:24.995
2025,12,norris,mclaren,3,1:26.123,1:25.231,1:25.010
2025,12,russell,mercedes,4,1:26.236,1:25.637,1:25.029
2025,12,hamilton,ferrari,5,1:26.296,1:25.084,1:25.095
2025,12,leclerc,ferrari,6,1:26.186,1:25.133,1:25.121
2025,12,antonelli,mercedes,7,1:26.265,1:25.620,1:25.374
2025,12,bearman,haas,8,1:26.005,1:25.534,1:25.471
2025,12,alonso,aston_martin,9,1:26.108,1:25.593,1:25.621
2025,12,gasly,alpine,10,1:26.328,1:25.711,1:25.785
2025,12,sainz,williams,11,1:26.175,1:25.746,
2025,12,tsunoda,red_bull,12,1:26.275,1:25.826,
2025,12,hadjar,rb,13,1:26.177,1:25.864,
2025,12,albon,williams,14,1:26.093,1:25.889,
2025,12,ocon,haas,15,1:26.136,1:25.950,
2025,12,lawson,rb,16,1:26.440,,
2025,12,bortoleto,sauber,17,1:26.446,,
2025,12,stroll,aston_martin,18,1:26.504,,
2025,12,hulkenberg,sauber,19,1:26.574,,
2025,12,colapinto,alpine,20,1:27.060,,
2025,13,norris,mclaren,1,1:41.010,1:40.715,1:40.562
2025,13,piastri,mclaren,2,1:41.201,1:40.626,1:40.647
2025,13,leclerc,ferrari,3,1:41.635,1:41.084,1:40.900
2025,13,max_verstappen,red_bull,4,1:41.334,1:40.951,1:40.903
2025,13,albon,williams,5,1:41.772,1:41.505,1:41.201
2025,13,russell,mercedes,6,1:41.784,1:41.254,1:41.260
2025,13,tsunoda,red_bull,7,1:41.840,1:41.245,1:41.284
2025,13,hadjar,rb,8,1:41.572,1:41.281,1:41.310
2025,13,lawson,rb,9,1:41.748,1:41.297,1:41.328
2025,13,bortoleto,sauber,10,1:41.908,1:41.336,1:42.387
2025,13,ocon,haas,11,1:41.884,1:41.525,
2025,13,bearman,haas,12,1:41.617,1:41.617,
2025,13,gasly,alpine,13,1:41.800,1:41.633,
2025,13,hulkenberg,sauber,14,1:41.844,1:41.707,
2025,13,sainz,williams,15,1:41.691,1:41.758,
2025,13,hamilton,ferrari,16,1:41.939,,
2025,13,colapinto,alpine,17,1:42.022,,
2025,13,antonelli,mercedes,18,1:42.139,,
2025,13,alonso,aston_martin,19,1:42.385,,
2025,13,stroll,aston_martin,20,1:42.502,,
2025,14,leclerc,ferrari,1,1:15.582,1:15.455,1:15.372
2025,14,piastri,mclaren,2,1:15.211,1:14.941,1:15.398
2025,14,norris,mclaren,3,1:15.523,1:14.890,1:15.413
2025,14,russell,mercedes,4,1:15.627,1:15.201,1:15.425
2025,14,alonso,aston_martin,5,1:15.281,1:15.395,1:15.481
2025,14,stroll,aston_martin,6,1:15.673,1:15.129,1:15.498
2025,14,bortoleto,sauber,7,1:15.586,1:15.687,1:15.725
2025,14,max_verstappen,red_bull,8,1:15.736,1:15.547,1:15.728
2025,14,lawson,rb,9,1:15.849,1:15.630,1:15.821
2025,14,hadjar,rb,10,1:15.516,1:15.469,1:15.915
2025,14,bearman,haas,11,1:15.750,1:15.694,
2025,14,hamilton,ferrari,12,1:15.733,1:15.702,
2025,14,sainz,williams,13,1:15.652,1:15.781,
2025,14,colapinto,alpine,14,1:15.875,1:16.159,
2025,14,antonelli,mercedes,15,1:15.782,1:16.386,
2025,14,tsunoda,red_bull,16,1:15.899,,
2025,14,gasly,alpine,17,1:15.966,,
2025,14,ocon,haas,18,1:16.023,,
2025,14,hulkenberg,sauber,19,1:16.081,,
2025,14,albon,williams,20,1:16.223,,
2025,15,piastri,mclaren,1,1:09.338,1:08.964,1:08.662
2025,15,norris,mclaren,2,1:09.469,1:08.874,1:08.674
2025,15,max_verstappen,red_bull,3,1:09.696,1:09.122,1:08.925
2025,15,hadjar,rb,4,1:09.966,1:09.439,1:09.208
2025,15,russell,mercedes,5,1:09.676,1:09.313,1:09.255
2025,15,leclerc,ferrari,6,1:09.906,1:09.304,1:09.340
2025,15,hamilton,ferrari,7,1:09.900,1:09.261,1:09.390
2025,15,lawson,rb,8,1:09.779,1:09.383,1:09.500
2025,15,sainz,williams,9,1:09.980,1:09.472,1:09.505
2025,15,alonso,aston_martin,10,1:09.950,1:09.366,1:09.630
2025,15,antonelli,mercedes,11,1:09.845,1:09.493,
2025,15,tsunoda,red_bull,12,1:09.954,1:09.622,
2025,15,bortoleto,sauber,13,1:10.037,1:09.622,
2025,15,gasly,alpine,14,1:09.894,1:09.637,
2025,15,albon,williams,15,1:09.792,1:09.652,
2025,15,colapinto,alpine,16,1:10.104,,
2025,15,hulkenberg,sauber,17,1:10.195,,
2025,15,ocon,haas,18,1:10.197,,
2025,15,bearman,haas,19,1:10.262,,
2025,15,stroll,aston_martin,20,,,
2025,16,max_verstappen,red_bull,1,1:19.455,1:19.140,1:18.792
2025,16,norris,mclaren,2,1:19.517,1:19.293,1:18.869
2025,16,piastri,mclaren,3,1:19.711,1:19.286,1:18.982
2025,16,leclerc,ferrari,4,1:19.689,1:19.310,1:19.007
2025,16,hamilton,ferrari,5,1:19.765,1:19.371,1:19.124
2025,16,russell,mercedes,6,1:19.414,1:19.287,1:19.157
2025,16,antonelli,mercedes,7,1:19.747,1:19.245,1:19.200
2025,16,bortoleto,sauber,8,1:19.688,1:19.323,1:19.390
2025,16,alonso,aston_martin,9,1:19.658,1:19.362,1:19.424
2025,16,tsunoda,red_bull,10,1:19.619,1:19.433,1:19.519
2025,16,bearman,haas,11,1:19.688,1:19.446,
2025,16,hulkenberg,sauber,12,1:19.777,1:19.498,
2025,16,sainz,williams,13,1:19.644,1:19.528,
2025,16,albon,williams,14,1:19.837,1:19.583,
2025,16,ocon,haas,15,1:19.816,1:19.707,
2025,16,hadjar,rb,16,1:19.917,,
2025,16,stroll,aston_martin,17,1:19.948,,
2025,16,colapinto,alpine,18,1:19.992,,
2025,16,gasly,alpine,19,1:20.103,,
2025,16,lawson,rb,20,1:20.279,,
2025,17,max_verstappen,red_bull,1,1:41.331,1:41.255,1:41.117
2025,17,sainz,williams,2,1:42.635,1:41.675,1:41.595
2025,17,lawson,rb,3,1:42.257,1:41.537,1:41.707
2025,17,antonelli,mercedes,4,1:42.247,1:41.464,1:41.717
2025,17,russell,mercedes,5,1:41.646,1:41.455,1:42.070
2025,17,tsunoda,red_bull,6,1:42.347,1:41.788,1:42.143
2025,17,norris,mclaren,7,1:41.322,1:41.396,1:42.239
2025,17,hadjar,rb,8,1:41.656,1:41.647,1:42.372
2025,17,piastri,mclaren,9,1:41.839,1:41.414,
2025,17,leclerc,ferrari,10,1:41.458,1:41.519,
2025,17,alonso,aston_martin,11,1:42.211,1:41.857,
2025,17,hamilton,ferrari,12,1:41.821,1:42.183,
2025,17,bortoleto,sauber,13,1:42.511,1:42.277,
2025,17,stroll,aston_martin,14,1:42.101,1:43.061,
2025,17,bearman,haas,15,1:42.666,,
2025,17,colapinto,alpine,16,1:42.779,,
2025,17,hulkenberg,sauber,17,1:42.916,,
2025,17,gasly,alpine,18,1:43.139,,
2025,17,albon,williams,19,1:43.778,,
2025,17,ocon,haas,20,,,
2025,18,russell,mercedes,1,1:29.928,1:29.562,1:29.158
2025,18,max_verstappen,red_bull,2,1:30.028,1:29.572,1:29.340
2025,18,piastri,mclaren,3,1:30.313,1:29.813,1:29.524
2025,18,antonelli,mercedes,4,1:30.036,1:29.649,1:29.537
2025,18,norris,mclaren,5,1:29.932,1:29.809,1:29.586
2025,18,hamilton,ferrari,6,1:29.765,1:29.936,1:29.688
2025,18,leclerc,ferrari,7,1:30.370,1:29.914,1:29.784
2025,18,hadjar,rb,8,1:30.214,1:30.016,1:29.846
2025,18,bearman,haas,9,1:30.420,1:30.076,1:29.868
2025,18,alonso,aston_martin,10,1:30.745,1:30.054,1:29.955
2025,18,hulkenberg,sauber,11,1:30.715,1:30.141,
2025,18,lawson,rb,12,1:30.681,1:30.320,
2025,18,tsunoda,red_bull,13,1:30.574,1:30.353,
2025,18,bortoleto,sauber,14,1:30.820,,
2025,18,stroll,aston_martin,15,1:30.949,,
2025,18,colapinto,alpine,16,1:30.982,,
2025,18,ocon,haas,17,1:30.989,,
2025,18,gasly,alpine,18,1:31.261,,
2025,18,albon,williams,19,,,
2025,18,sainz,williams,20,,,
2025,19,max_verstappen,red_bull,1,1:33.207,1:32.701,1:32.510
2025,19,norris,mclaren,2,1:33.843,1:32.876,1:32.801
2025,19,leclerc,ferrari,3,1:33.525,1:32.869,1:32.807
2025,19,russell,mercedes,4,1:33.311,1:33.058,1:32.826
2025,19,hamilton,ferrari,5,1:33.685,1:32.914,1:32.912
2025,19,piastri,mclaren,6,1:33.746,1:33.228,1:33.084
2025,19,antonelli,mercedes,7,1:33.501,1:33.044,1:33.114
2025,19,bearman,haas,8,1:33.921,1:33.238,1:33.139
2025,19,sainz,williams,9,1:33.739,1:33.124,1:33.150
2025,19,alonso,aston_martin,10,1:33.741,1:33.237,1:33.160
2025,19,hulkenberg,sauber,11,1:33.551,1:33.334,
2025,19,lawson,rb,12,1:33.549,1:33.360,
2025,19,tsunoda,red_bull,13,1:33.935,1:33.466,
2025,19,gasly,alpine,14,1:33.599,1:33.651,
2025,19,colapinto,alpine,15,1:34.039,1:34.044,
2025,19,bortoleto,sauber,16,1:34.125,,
2025,19,ocon,haas,17,1:34.136,,
2025,19,stroll,aston_martin,18,1:34.540,,
2025,19,albon,williams,19,1:34.690,,
2025,19,hadjar,rb,20,,,
2025,20,norris,mclaren,1,1:16.899,1:16.252,1:15.586
2025,20,leclerc,ferrari,2,1:17.024,1:16.658,1:15.848
2025,20,hamilton,ferrari,3,1:16.736,1:16.458,1:15.938
2025,20,russell,mercedes,4,1:16.895,1:16.537,1:16.034
2025,20,max_verstappen,red_bull,5,1:17.076,1:16.605,1:16.070
2025,20,antonelli,mercedes,6,1:17.291,1:16.773,1:16.118
2025,20,sainz,williams,7,1:17.171,1:16.607,1:16.172
2025,20,piastri,mclaren,8,1:17.158,1:16.737,1:16.174
2025,20,hadjar,rb,9,1:16.733,1:16.804,1:16.252
2025,20,bearman,haas,10,1:17.040,1:16.787,1:16.460
2025,20,tsunoda,red_bull,11,1:17.234,1:16.816,
2025,20,ocon,haas,12,1:16.948,1:16.837,
2025,20,hulkenberg,sauber,13,1:17.251,1:17.016,
2025,20,alonso,aston_martin,14,1:17.232,1:17.103,
2025,20,lawson,rb,15,1:16.961,1:18.072,
2025,20,bortoleto,sauber,16,1:17.412,,
2025,20,albon,williams,17,1:17.490,,
2025,20,gasly,alpine,18,1:17.546,,
2025,20,stroll,aston_martin,19,1:17.606,,
2025,20,colapinto,alpine,20,1:17.670,,
2025,21,norris,mclaren,1,1:09.656,1:09.616,1:09.511
2025,21,antonelli,mercedes,2,1:10.192,1:09.774,1:09.685
2025,21,leclerc,ferrari,3,1:09.934,1:09.801,1:09.805
2025,21,piastri,mclaren,4,1:09.928,1:09.835,1:09.886
2025,21,hadjar,rb,5,1:10.083,1:09.970,1:09.931
2025,21,russell,mercedes,6,1:09.935,1:09.880,1:09.942
2025,21,lawson,rb,7,1:10.108,1:09.950,1:09.962
2025,21,bearman,haas,8,1:09.891,1:09.755,1:09.977
2025,21,gasly,alpine,9,1:09.885,1:09.857,1:10.002
2025,21,hulkenberg,sauber,10,1:10.337,1:09.985,1:10.039
2025,21,alonso,aston_martin,11,1:10.181,1:10.001,
2025,21,albon,williams,12,1:10.115,1:10.053,
2025,21,hamilton,ferrari,13,1:10.016,1:10.100,
2025,21,stroll,aston_martin,14,1:10.041,1:10.161,
2025,21,sainz,williams,15,1:10.184,1:10.472,
2025,21,max_verstappen,red_bull,16,1:10.403,,
2025,21,ocon,haas,17,1:10.438,,
2025,21,colapinto,alpine,18,1:10.632,,
2025,21,tsunoda,red_bull,19,1:10.711,,
2025,22,norris,mclaren,1,1:55.473,1:51.379,1:47.934
2025,22,max_verstappen,red_bull,2,1:53.458,1:51.593,1:48.257
2025,22,sainz,williams,3,1:54.873,1:51.144,1:48.296
2025,22,russell,mercedes,4,1:53.144,1:50.935,1:48.803
2025,22,piastri,mclaren,5,1:54.544,1:52.126,1:48.961
2025,22,lawson,rb,6,1:54.828,1:51.621,1:49.062
2025,22,alonso,aston_martin,7,1:53.739,1:51.865,1:49.466
2025,22,hadjar,rb,8,1:55.613,1:51.120,1:49.554
2025,22,leclerc,ferrari,9,1:54.814,1:51.952,1:49.872
2025,22,gasly,alpine,10,1:54.432,1:51.760,1:51.540
2025,22,hulkenberg,sauber,11,1:54.555,1:52.781,
2025,22,stroll,aston_martin,12,1:54.416,1:52.850,
2025,22,ocon,haas,13,1:54.635,1:52.987,
2025,22,bearman,haas,14,1:56.016,1:53.094,
2025,22,colapinto,alpine,15,1:54.847,1:53.683,
2025,22,albon,williams,16,1:56.220,,
2025,22,antonelli,mercedes,17,1:56.314,,
2025,22,bortoleto,sauber,18,1:56.674,,
2025,22,tsunoda,red_bull,19,1:56.798,,
2025,22,hamilton,ferrari,20,1:57.115,,
2025,23,piastri,mclaren,1,1:20.234,1:19.650,1:19.387
2025,23,norris,mclaren,2,1:20.157,1:19.861,1:19.495
2025,23,max_verstappen,red_bull,3,1:20.472,1:19.985,1:19.651
2025,23,russell,mercedes,4,1:20.074,1:20.186,1:19.662
2025,23,antonelli,mercedes,5,1:20.576,1:20.084,1:19.846
2025,23,hadjar,rb,6,1:20.603,1:20.350,1:20.114
2025,23,sainz,williams,7,1:20.520,1:20.251,1:20.287
2025,23,alonso,aston_martin,8,1:20.598,1:20.219,1:20.418
2025,23,gasly,alpine,9,1:20.681,1:20.324,1:20.477
2025,23,leclerc,ferrari,10,1:20.564,1:20.343,1:20.561
2025,23,hulkenberg,sauber,11,1:20.630,1:20.353,
2025,23,lawson,rb,12,1:20.539,1:20.433,
2025,23,bearman,haas,13,1:20.548,1:20.438,
2025,23,bortoleto,sauber,14,1:20.653,1:20.534,
2025,23,albon,williams,15,1:20.629,1:20.629,
2025,23,tsunoda,red_bull,16,1:20.761,,
2025,23,ocon,haas,17,1:20.864,,
2025,23,hamilton,ferrari,18,1:20.907,,
2025,23,stroll,aston_martin,19,1:21.058,,
2025,23,colapinto,alpine,20,1:21.137,,
2025,24,max_verstappen,red_bull,1,1:22.877,1:22.752,1:22.207
2025,24,norris,mclaren,2,1:23.178,1:22.804,1:22.408
2025,24,piastri,mclaren,3,1:22.605,1:23.021,1:22.437
2025,24,russell,mercedes,4,1:23.247,1:22.730,1:22.645
2025,24,leclerc,ferrari,5,1:23.163,1:22.948,1:22.730
2025,24,alonso,aston_martin,6,1:23.071,1:22.861,1:22.902
2025,24,bortoleto,sauber,7,1:23.374,1:22.874,1:22.904
2025,24,ocon,haas,8,1:23.334,1:23.023,1:22.913
2025,24,hadjar,rb,9,1:23.373,1:22.997,1:23.072
2025,24,tsunoda,red_bull,10,1:23.386,1:23.034,
2025,24,bearman,haas,11,1:23.254,1:23.041,
2025,24,sainz,williams,12,1:23.187,1:23.042,
2025,24,lawson,rb,13,1:23.265,1:23.077,
2025,24,antonelli,mercedes,14,1:22.894,1:23.080,
2025,24,stroll,aston_martin,15,1:23.316,1:23.097,
2025,24,hamilton,ferrari,16,1:23.394,,
2025,24,albon,williams,17,1:23.416,,
2025,24,hulkenberg,sauber,18,1:23.450,,
2025,24,gasly,alpine,19,1:23.468,,
2025,24,colapinto,alpine,20,1:23.890,,
2026,1,russell,mercedes,1,1:19.507,1:18.934,1:18.518
2026,1,antonelli,mercedes,2,1:20.120,1:19.435,1:18.811
2026,1,hadjar,red_bull,3,1:20.023,1:19.653,1:19.303
2026,1,leclerc,ferrari,4,1:20.226,1:19.357,1:19.327
2026,1,piastri,mclaren,5,1:19.664,1:19.525,1:19.380
2026,1,norris,mclaren,6,1:20.010,1:19.882,1:19.475
2026,1,hamilton,ferrari,7,1:19.811,1:19.921,1:19.478
2026,1,lawson,rb,8,1:20.491,1:20.144,1:19.994
2026,1,arvid_lindblad,rb,9,1:20.409,1:19.971,1:21.247
2026,1,bortoleto,audi,10,1:20.495,1:20.221,
2026,1,hulkenberg,audi,11,1:21.024,1:20.303,
2026,1,bearman,haas,12,1:21.247,1:20.311,
2026,1,ocon,haas,13,1:20.759,1:20.491,
2026,1,gasly,alpine,14,1:21.138,1:20.501,
2026,1,albon,williams,15,1:21.051,1:20.941,
2026,1,colapinto,alpine,16,1:21.200,1:21.270,
2026,1,alonso,aston_martin,17,1:21.969,,
2026,1,perez,cadillac,18,1:22.605,,
2026,1,bottas,cadillac,19,1:23.244,,
2026,2,antonelli,mercedes,1,1:33.305,1:32.443,1:32.064
2026,2,russell,mercedes,2,1:33.262,1:32.523,1:32.286
2026,2,hamilton,ferrari,3,1:33.522,1:32.567,1:32.415
2026,2,leclerc,ferrari,4,1:33.175,1:32.486,1:32.428
2026,2,piastri,mclaren,5,1:33.590,1:33.130,1:32.550
2026,2,norris,mclaren,6,1:33.535,1:32.910,1:32.608
2026,2,gasly,alpine,7,1:33.788,1:33.003,1:32.873
2026,2,max_verstappen,red_bull,8,1:33.417,1:33.098,1:33.002
2026,2,hadjar,red_bull,9,1:33.632,1:33.352,1:33.121
2026,2,bearman,haas,10,1:33.687,1:33.197,1:33.292
2026,2,hulkenberg,audi,11,1:34.116,1:33.354,
2026,2,colapinto,alpine,12,1:33.634,1:33.357,
2026,2,ocon,haas,13,1:33.974,1:33.538,
2026,2,lawson,rb,14,1:34.139,1:33.765,
2026,2,arvid_lindblad,rb,15,1:33.906,1:33.784,
2026,2,bortoleto,audi,16,1:33.549,1:33.965,
2026,2,sainz,williams,17,1:34.317,,
2026,2,albon,williams,18,1:34.772,,
2026,2,alonso,aston_martin,19,1:35.203,,
2026,2,bottas,cadillac,20,1:35.436,,
2026,2,stroll,aston_martin,21,1:35.995,,
2026,2,perez,cadillac,22,1:36.906,,
2026,3,antonelli,mercedes,1,1:30.035,1:29.048,1:28.778
2026,3,russell,mercedes,2,1:29.967,1:29.686,1:29.076
2026,3,piastri,mclaren,3,1:30.200,1:29.451,1:29.132
2026,3,leclerc,ferrari,4,1:29.915,1:29.303,1:29.405
2026,3,norris,mclaren,5,1:30.401,1:29.795,1:29.409
2026,3,hamilton,ferrari,6,1:30.309,1:29.589,1:29.567
2026,3,gasly,alpine,7,1:30.584,1:29.874,1:29.691
2026,3,hadjar,red_bull,8,1:30.662,1:30.104,1:29.978
2026,3,bortoleto,audi,9,1:30.359,1:29.990,1:30.274
2026,3,arvid_lindblad,rb,10,1:30.781,1:30.109,1:30.319
2026,3,max_verstappen,red_bull,11,1:30.519,1:30.262,
2026,3,ocon,haas,12,1:30.915,1:30.309,
2026,3,hulkenberg,audi,13,1:30.358,1:30.387,
2026,3,lawson,rb,14,1:30.657,1:30.495,
2026,3,colapinto,alpine,15,1:30.931,1:30.627,
2026,3,sainz,williams,16,1:30.927,1:31.033,
2026,3,albon,williams,17,1:31.088,,
2026,3,bearman,haas,18,1:31.090,,
2026,3,perez,cadillac,19,1:32.206,,
2026,3,bottas,cadillac,20,1:32.330,,
2026,3,alonso,aston_martin,21,1:32.646,,
2026,3,stroll,aston_martin,22,1:32.920,,
2026,4,antonelli,mercedes,1,1:28.653,1:28.289,1:27.798
2026,4,max_verstappen,red_bull,2,1:29.099,1:28.116,1:27.964
2026,4,leclerc,ferrari,3,1:28.938,1:28.315,1:28.143
2026,4,norris,mclaren,4,1:29.183,1:28.920,1:28.183
2026,4,russell,mercedes,5,1:29.492,1:28.477,1:28.197
2026,4,hamilton,ferrari,6,1:29.483,1:28.477,1:28.319
2026,4,piastri,mclaren,7,1:29.920,1:28.332,1:28.500
2026,4,colapinto,alpine,8,1:29.584,1:28.975,1:28.762
2026,4,gasly,alpine,9,1:29.914,1:29.070,1:28.810
2026,4,hulkenberg,audi,10,1:29.645,1:29.439,
2026,4,lawson,rb,11,1:29.595,1:29.499,
2026,4,bearman,haas,12,1:29.340,1:29.567,
2026,4,sainz,williams,13,1:29.540,1:29.568,
2026,4,ocon,haas,14,1:29.838,1:29.772,
2026,4,albon,williams,15,1:29.720,1:29.946,
2026,4,arvid_lindblad,rb,16,1:30.133,,
2026,4,alonso,aston_martin,17,1:31.098,,
2026,4,stroll,aston_martin,18,1:31.164,,
2026,4,bottas,cadillac,19,1:31.629,,
2026,4,perez,cadillac,20,1:31.967,,
2026,4,bortoleto,audi,21,1:33.737,,
2026,4,hadjar,red_bull,22,,1:28.941,1:28.789
2026,5,russell,mercedes,1,1:13.953,1:13.079,1:12.578
2026,5,antonelli,mercedes,2,1:13.380,1:13.076,1:12.646
2026,5,norris,mclaren,3,1:13.503,1:13.049,1:12.729
2026,5,piastri,mclaren,4,1:13.559,1:13.285,1:12.781
2026,5,hamilton,ferrari,5,1:13.767,1:13.041,1:12.868
2026,5,max_verstappen,red_bull,6,1:14.067,1:13.479,1:12.907
2026,5,hadjar,red_bull,7,1:13.654,1:12.975,1:12.935
2026,5,leclerc,ferrari,8,1:13.825,1:13.496,1:12.976
2026,5,arvid_lindblad,rb,9,1:13.895,1:13.548,1:13.280
2026,5,colapinto,alpine,10,1:14.466,1:13.857,1:13.697
2026,5,hulkenberg,audi,11,1:14.562,1:13.886,
2026,5,lawson,rb,12,1:14.346,1:13.897,
2026,5,bortoleto,audi,13,1:14.775,1:14.071,
2026,5,gasly,alpine,14,1:14.698,1:14.187,
2026,5,sainz,williams,15,1:14.276,1:14.273,
2026,5,bearman,haas,16,1:14.449,1:14.416,
2026,5,ocon,haas,17,1:14.845,,
2026,5,albon,williams,18,1:14.851,,
2026,5,alonso,aston_martin,19,1:15.196,,
2026,5,perez,cadillac,20,1:15.429,,
2026,5,stroll,aston_martin,21,1:16.195,,
2026,5,bottas,cadillac,22,1:16.272,,
2026,6,antonelli,mercedes,1,1:13.599,1:12.704,1:12.051
2026,6,max_verstappen,red_bull,2,1:13.490,1:12.499,1:12.094
2026,6,hamilton,ferrari,3,1:13.777,1:12.934,1:12.279
2026,6,leclerc,ferrari,4,1:13.293,1:12.774,1:12.351
2026,6,hadjar,red_bull,5,1:14.408,1:12.722,1:12.434
2026,6,russell,mercedes,6,1:14.214,1:13.238,1:12.445
2026,6,piastri,mclaren,7,1:14.159,1:12.983,1:12.624
2026,6,norris,mclaren,8,1:13.630,1:12.919,1:12.765
2026,6,gasly,alpine,9,1:14.469,1:13.762,1:13.226
2026,6,lawson,rb,10,1:14.498,1:13.471,1:13.412
2026,6,albon,williams,11,1:14.321,1:13.787,
2026,6,sainz,williams,12,1:14.348,1:13.815,
2026,6,hulkenberg,audi,13,1:13.923,1:13.902,
2026,6,colapinto,alpine,14,1:14.573,1:13.995,
2026,6,arvid_lindblad,rb,15,1:14.685,1:14.248,
2026,6,bortoleto,audi,16,1:14.683,,
2026,6,ocon,haas,17,1:14.722,,
2026,6,perez,cadillac,18,1:14.747,,
2026,6,bearman,haas,19,1:14.814,,
2026,6,bottas,cadillac,20,1:15.283,,
2026,6,alonso,aston_martin,21,1:15.349,,
2026,6,stroll,aston_martin,22,1:16.061,,
2026,7,russell,mercedes,1,1:15.717,1:15.228,1:14.679
2026,7,hamilton,ferrari,2,1:15.625,1:15.418,1:14.743
2026,7,antonelli,mercedes,3,1:15.977,1:15.295,1:14.998
2026,7,norris,mclaren,4,1:16.287,1:15.361,1:15.001
2026,7,max_verstappen,red_bull,5,1:16.352,1:15.484,1:15.021
2026,7,hadjar,red_bull,6,1:16.427,1:15.754,1:15.077
2026,7,piastri,mclaren,7,1:16.138,1:15.518,1:15.090
2026,7,lawson,rb,8,1:16.673,1:15.585,1:16.542
2026,7,hulkenberg,audi,9,1:16.066,1:15.768,1:16.657
2026,7,leclerc,ferrari,10,1:15.964,1:15.281,
2026,7,arvid_lindblad,rb,11,1:16.425,1:15.840,
2026,7,bortoleto,audi,12,1:16.616,1:16.001,
2026,7,colapinto,alpine,13,1:16.590,1:16.191,
2026,7,gasly,alpine,14,1:16.599,1:16.261,
2026,7,bearman,haas,15,1:16.571,1:16.389,
2026,7,sainz,williams,16,1:16.881,1:17.827,
2026,7,ocon,haas,17,1:17.073,,
2026,7,albon,williams,18,1:17.424,,
2026,7,perez,cadillac,19,1:17.545,,
2026,7,bottas,cadillac,20,1:17.757,,
2026,7,stroll,aston_martin,21,1:18.758,,
2026,7,alonso,aston_martin,22,1:18.815,,
2026,8,russell,mercedes,1,1:07.398,1:06.979,1:06.113
2026,8,leclerc,ferrari,2,1:07.543,1:07.030,1:06.349
2026,8,hamilton,ferrari,3,1:07.290,1:06.994,1:06.408
2026,8,antonelli,mercedes,4,1:07.083,1:06.763,1:06.414
2026,8,max_verstappen,red_bull,5,1:07.407,1:07.183,1:06.475
2026,8,norris,mclaren,6,1:07.259,1:06.897,1:06.502
2026,8,piastri,mclaren,7,1:07.487,1:06.890,1:06.511
2026,8,hadjar,red_bull,8,1:07.408,1:07.086,1:06.632
2026,8,lawson,rb,9,1:07.385,1:07.136,1:06.955
2026,8,arvid_lindblad,rb,10,1:07.549,1:07.155,1:07.007
2026,8,gasly,alpine,11,1:08.038,1:07.223,
2026,8,bortoleto,audi,12,1:08.035,1:07.293,
2026,8,bearman,haas,13,1:08.061,1:07.523,
2026,8,hulkenberg,audi,14,1:08.066,1:07.611,
2026,8,ocon,haas,15,1:08.231,1:07.817,
2026,8,colapinto,alpine,16,1:07.894,1:08.171,
2026,8,sainz,williams,17,1:08.252,,
2026,8,albon,williams,18,1:08.509,,
2026,8,perez,cadillac,19,1:08.945,,
2026,8,bottas,cadillac,20,1:09.030,,
2026,8,alonso,aston_martin,21,1:09.942,,
2026,8,stroll,aston_martin,22,1:10.363,,
2026,9,antonelli,mercedes,1,1:29.719,1:28.493,1:28.111
2026,9,leclerc,ferrari,2,1:29.534,1:28.626,1:28.286
2026,9,hamilton,ferrari,3,1:29.644,1:28.864,1:28.458
2026,9,russell,mercedes,4,1:29.985,1:28.920,1:28.481
2026,9,hadjar,red_bull,5,1:29.276,1:29.069,1:28.746
2026,9,norris,mclaren,6,1:30.186,1:29.383,1:28.877
2026,9,max_verstappen,red_bull,7,1:29.549,1:29.113,1:28.893
2026,9,piastri,mclaren,8,1:29.971,1:29.218,1:29.032
2026,9,arvid_lindblad,rb,9,1:29.661,1:29.324,1:29.305
2026,9,lawson,rb,10,1:29.300,1:29.429,1:29.716
2026,9,bortoleto,audi,11,1:30.269,1:29.461,
2026,9,gasly,alpine,12,1:30.345,1:30.063,
2026,9,hulkenberg,audi,13,1:29.539,1:30.076,
2026,9,bearman,haas,14,1:30.570,1:30.501,
2026,9,sainz,williams,15,1:30.562,1:30.623,
2026,9,albon,williams,16,1:30.638,1:31.341,
2026,9,ocon,haas,17,1:30.680,,
2026,9,bottas,cadillac,18,1:31.227,,
2026,9,colapinto,alpine,19,1:31.321,,
2026,9,perez,cadillac,20,1:31.451,,
2026,9,stroll,aston_martin,21,1:32.863,,
2026,9,alonso,aston_martin,22,1:33.025,,
